072121.10,36.012989999999995,129.31879883333337,0.027265532,,-1,-1
072121.20,36.012989999999995,129.31879883333337,0.036525524,,-1,-1
072121.30,36.012989833333336,129.31879883333337,0.025207756,,-1,-1
072121.40,36.012989833333336,129.31879866666665,0.01543332,,-1,-1
072121.50,36.012989833333336,129.31879866666665,0.012346656000000001,,-1,-1
072121.60,36.01298966666667,129.31879866666665,0.0128611,,-1,-1
072121.70,36.01298966666667,129.31879866666665,0.011317767999999999,,-1,-1
072121.80,36.0129895,129.31879866666665,0.009259992,,-1,-1
072121.90,36.0129895,129.31879866666665,0.02057776,,-1,-1
072122.00,36.01298933333333,129.31879866666665,0.0257222,,-1,-1
072122.10,36.01298933333333,129.31879866666665,0.023664424,,-1,-1
072122.20,36.01298933333333,129.31879866666665,0.029323308000000003,,-1,-1
072122.30,36.01298933333333,129.31879866666665,0.010803324000000001,,-1,-1
072122.40,36.012989166666664,129.31879866666665,0.028808864,,-1,-1
072122.50,36.012989166666664,129.31879866666665,0.034467748,,-1,-1
072122.60,36.012989,129.31879866666665,0.01543332,,-1,-1
072122.70,36.012989,129.31879883333337,0.050415512,,-1,-1
072122.80,36.012989166666664,129.31879883333337,0.08385437200000001,,-1,-1
072122.90,36.012989166666664,129.318799,0.11163434800000001,40.26,-1,-1
072123.00,36.012989166666664,129.318799,0.134784328,17.43,-1,-1
072123.10,36.012989166666664,129.318799,0.11472101200000001,10.57,-1,-1
072123.20,36.012989,129.31879916666668,0.064819944,,-1,-1
072123.30,36.012989,129.31879916666668,0.055559952,,-1,-1
072123.40,36.012989,129.31879883333337,0.126553224,289.62,-1,-1
072123.50,36.01298866666667,129.31879883333337,0.10134546800000001,262.45,-1,-1
072123.60,36.0129885,129.31879883333337,0.078195488,,-1,-1
072123.70,36.01298800000001,129.318799,0.183656508,174.66,-1,-1
072123.80,36.01298766666666,129.31879933333335,0.269054212,157.72,-1,-1
072123.90,36.012987333333335,129.31879966666665,0.305065292,148.76,-1,-1
072124.00,36.012986999999995,129.31879983333334,0.292718636,145.02,-1,-1
072124.10,36.012986833333336,129.3188,0.264424216,140.24,-1,-1
072124.20,36.01298666666667,129.31880033333331,0.255164224,131.76,-1,-1
072124.30,36.01298666666667,129.31880049999998,0.263909772,121.57,-1,-1
072124.40,36.012986500000004,129.31880083333334,0.270597544,107.77,-1,-1
072124.50,36.01298666666667,129.31880116666665,0.278314204,92.76,-1,-1
072124.60,36.01298666666667,129.3188015,0.30146418399999997,85.61,-1,-1
072124.70,36.012986833333336,129.31880216666664,0.401780764,75.47,-1,-1
072124.80,36.012986999999995,129.31880299999997,0.512900668,70.17,-1,-1
072124.90,36.012987333333335,129.31880383333336,0.649742772,62.87,-1,-1
072125.00,36.01298783333334,129.318805,0.808705968,60.35,-1,-1
072125.10,36.01298833333333,129.31880600000002,0.907479216,58.15,-1,-1
072125.20,36.012988833333324,129.3188071666667,1.0067669080000001,56.00,-1,-1
072125.30,36.01298966666667,129.31880833333332,1.143094568,54.54,-1,-1
072125.40,36.012990333333335,129.31880950000001,1.2017411839999999,53.92,-1,-1
072125.50,36.01299100000001,129.31881066666665,1.2706766800000002,52.04,-1,-1
072125.60,36.012991833333324,129.31881183333334,1.342184396,50.06,-1,-1
072125.70,36.01299266666667,129.31881333333337,1.392599908,50.10,-1,-1
072125.80,36.01299316666666,129.3188145,1.3828254720000002,50.88,-1,-1
072125.90,36.01299383333334,129.31881583333336,1.397229904,53.41,-1,-1
072126.00,36.0129945,129.3188173333333,1.439414312,55.06,-1,-1
072126.10,36.01299516666666,129.31881866666666,1.451246524,55.31,-1,-1
072126.20,36.012995833333335,129.31882000000002,1.4327265400000002,54.32,-1,-1
072126.30,36.012996666666666,129.31882133333332,1.4738820600000002,51.72,-1,-1
072126.40,36.01299733333333,129.31882266666665,1.4841709399999998,52.36,-1,-1
072126.50,36.01299816666666,129.31882383333334,1.485199828,51.55,-1,-1
072126.60,36.012999166666674,129.3188251666667,1.549505328,48.79,-1,-1
072126.70,36.013000000000005,129.3188265,1.5423031120000001,48.31,-1,-1
072126.80,36.01300083333334,129.3188276666667,1.510922028,47.78,-1,-1
072126.90,36.0130015,129.318829,1.510407584,49.21,-1,-1
072127.00,36.01300233333333,129.31883033333335,1.502690924,51.28,-1,-1
072127.10,36.013003166666664,129.31883200000001,1.5860308520000002,51.98,-1,-1
072127.20,36.013004,129.3188335,1.609180832,52.05,-1,-1
072127.30,36.01300483333333,129.31883483333337,1.607123056,50.64,-1,-1
072127.40,36.013005666666665,129.31883616666667,1.596834176,49.36,-1,-1
072127.50,36.013006499999996,129.31883733333336,1.52789868,49.57,-1,-1
072127.60,36.0130075,129.31883866666666,1.563395316,48.43,-1,-1
072127.70,36.01300833333333,129.31884,1.574713084,47.62,-1,-1
072127.80,36.01300916666666,129.31884133333335,1.5489908840000002,48.20,-1,-1
072127.90,36.01301,129.31884266666665,1.5510486600000002,48.61,-1,-1
072128.00,36.013010666666666,129.31884416666665,1.544360888,51.02,-1,-1
072128.10,36.0130115,129.3188455,1.576256416,52.03,-1,-1
072128.20,36.01301233333334,129.318847,1.618440824,50.99,-1,-1
072128.30,36.013013333333326,129.31884850000003,1.622556376,50.22,-1,-1
072128.40,36.01301433333333,129.31884983333333,1.647249688,48.52,-1,-1
072128.50,36.01301516666667,129.31885133333333,1.645191912,49.55,-1,-1
072128.60,36.013016,129.3188526666667,1.668341892,49.40,-1,-1
072128.70,36.01301716666667,129.31885416666668,1.71824296,47.37,-1,-1
072128.80,36.013018,129.31885533333332,1.639533028,46.99,-1,-1
072128.90,36.013019,129.31885666666668,1.6559952359999999,46.57,-1,-1
072129.00,36.01301983333333,129.31885816666667,1.634388588,48.35,-1,-1
072129.10,36.01302066666666,129.31885949999997,1.64364858,49.59,-1,-1
072129.20,36.01302166666667,129.3188611666667,1.683260768,50.37,-1,-1
072129.30,36.013022500000005,129.3188625,1.6657696720000001,49.59,-1,-1
072129.40,36.013023499999996,129.31886383333335,1.642619692,48.43,-1,-1
072129.50,36.01302433333334,129.31886516666665,1.6215274880000001,49.13,-1,-1
072129.60,36.01302516666666,129.31886666666665,1.6277008160000002,49.37,-1,-1
072129.70,36.01302616666667,129.318868,1.642619692,48.00,-1,-1
072129.80,36.01302716666667,129.3188693333333,1.65650968,47.28,-1,-1
072129.90,36.013028,129.3188706666667,1.657024124,47.90,-1,-1
072130.00,36.01302883333333,129.31887216666667,1.637475252,49.94,-1,-1
072130.10,36.01302966666666,129.31887366666666,1.6559952359999999,52.40,-1,-1
072130.20,36.013030666666666,129.31887533333332,1.729046284,52.38,-1,-1
072130.30,36.013031500000004,129.31887683333332,1.703324084,52.03,-1,-1
072130.40,36.01303250000001,129.31887833333334,1.70538186,50.62,-1,-1
072130.50,36.01303333333334,129.31887966666667,1.7187574040000002,50.25,-1,-1
072130.60,36.01303433333334,129.31888116666664,1.7048674160000001,51.24,-1,-1
072130.70,36.01303533333333,129.3188826666667,1.732647392,49.27,-1,-1
072130.80,36.01303633333334,129.318884,1.7048674160000001,48.44,-1,-1
072130.90,36.01303716666667,129.31888533333336,1.679145216,48.41,-1,-1
072131.00,36.013038,129.31888683333335,1.6734863320000002,50.38,-1,-1
072131.10,36.01303883333333,129.31888833333332,1.692006316,51.65,-1,-1
072131.20,36.01304,129.31889,1.777918464,51.59,-1,-1
072131.30,36.01304083333333,129.3188913333333,1.73367628,49.91,-1,-1
072131.40,36.01304183333333,129.3188925,1.678116328,47.52,-1,-1
072131.50,36.01304283333333,129.3188938333333,1.648278576,46.60,-1,-1
072131.60,36.01304383333334,129.318895,1.6194697120000001,47.59,-1,-1
072131.70,36.01304483333333,129.31889633333336,1.662168564,45.98,-1,-1
072131.80,36.01304583333333,129.31889766666666,1.640561916,45.45,-1,-1
072131.90,36.01304666666666,129.31889866666668,1.57934308,44.99,-1,-1
072132.00,36.013047500000006,129.31889983333335,1.52018202,45.60,-1,-1
072132.10,36.01304833333334,129.31890116666668,1.532014232,48.09,-1,-1
072132.20,36.013049333333335,129.31890266666665,1.632845256,48.68,-1,-1
072132.30,36.013050166666666,129.318904,1.5947764,49.65,-1,-1
072132.40,36.01305100000001,129.31890533333333,1.568025312,48.86,-1,-1
072132.50,36.013051999999995,129.3189066666667,1.6204986,48.45,-1,-1
072132.60,36.01305283333334,129.318908,1.5819153000000001,49.21,-1,-1
072132.70,36.01305383333333,129.31890933333335,1.626671928,48.18,-1,-1
072132.80,36.01305483333333,129.31891066666668,1.63078748,47.66,-1,-1
072132.90,36.01305566666667,129.31891199999998,1.5942619560000002,48.75,-1,-1
072133.00,36.01305633333333,129.31891333333334,1.573684196,50.60,-1,-1
072133.10,36.01305700000001,129.31891466666664,1.5510486600000002,53.81,-1,-1
072133.20,36.01305783333333,129.31891633333336,1.6194697120000001,54.49,-1,-1
072133.30,36.01305866666667,129.31891783333336,1.6256430400000002,54.97,-1,-1
072133.40,36.01305933333333,129.31891916666666,1.564424204,54.56,-1,-1
072133.50,36.013060333333335,129.31892050000002,1.5844875200000001,52.83,-1,-1
072133.60,36.01306116666667,129.31892183333332,1.564938648,52.13,-1,-1
072133.70,36.013062,129.318923,1.530985344,50.81,-1,-1
072133.80,36.01306300000001,129.3189243333333,1.573684196,49.40,-1,-1
072133.90,36.01306366666667,129.3189255,1.5047487,49.18,-1,-1
072134.00,36.01306433333333,129.31892666666664,1.428096544,50.51,-1,-1
072134.10,36.013065166666664,129.31892783333333,1.45844874,51.10,-1,-1
072134.20,36.01306600000001,129.31892933333333,1.518124244,52.10,-1,-1
072134.30,36.013066833333326,129.31893083333335,1.5865452960000002,51.76,-1,-1
072134.40,36.01306766666667,129.318932,1.565967536,51.60,-1,-1
072134.50,36.01306866666667,129.31893333333335,1.593747512,49.60,-1,-1
072134.60,36.0130695,129.31893466666668,1.596834176,50.38,-1,-1
072134.70,36.0130705,129.31893599999998,1.613810828,50.65,-1,-1
072134.80,36.0130715,129.31893733333334,1.61792638,48.17,-1,-1
072134.90,36.013072333333334,129.31893849999997,1.56390976,47.69,-1,-1
072135.00,36.01307333333333,129.31893966666667,1.547447552,46.66,-1,-1
072135.10,36.01307416666668,129.31894083333333,1.5093786960000002,47.86,-1,-1
072135.20,36.013074833333334,129.31894216666666,1.50217648,50.85,-1,-1
072135.30,36.01307583333334,129.31894349999996,1.601464172,50.53,-1,-1
072135.40,36.01307666666667,129.31894499999999,1.605579724,50.71,-1,-1
072135.50,36.01307766666667,129.31894633333332,1.592718624,49.90,-1,-1
072135.60,36.013078666666665,129.31894766666667,1.649307464,49.16,-1,-1
072135.70,36.013079499999996,129.31894883333337,1.5901464040000002,49.76,-1,-1
072135.80,36.0130805,129.31895016666667,1.6559952359999999,48.35,-1,-1
072135.90,36.013081666666665,129.31895133333336,1.6657696720000001,46.62,-1,-1
072136.00,36.013082499999996,129.31895233333336,1.56390976,45.73,-1,-1
072136.10,36.01308333333333,129.3189536666667,1.5402453360000001,46.75,-1,-1
072136.20,36.01308416666666,129.318955,1.562366428,49.16,-1,-1
072136.30,36.01308516666666,129.3189565,1.64107636,50.12,-1,-1
072136.40,36.013086166666675,129.31895783333331,1.654966348,49.92,-1,-1
072136.50,36.013087000000006,129.318959,1.595290844,49.33,-1,-1
072136.60,36.01308816666666,129.31896033333334,1.637475252,47.94,-1,-1
072136.70,36.013089,129.3189615,1.5942619560000002,49.60,-1,-1
072136.80,36.01308983333333,129.3189626666667,1.589117516,49.05,-1,-1
072136.90,36.013091,129.31896383333333,1.621013044,47.36,-1,-1
072137.00,36.013092,129.3189651666667,1.6220419320000001,46.79,-1,-1
072137.10,36.01309283333333,129.31896633333332,1.603521948,47.63,-1,-1
072137.20,36.013093833333336,129.31896766666668,1.60506528,48.95,-1,-1
072137.30,36.013094833333334,129.31896916666668,1.690462984,50.41,-1,-1
072137.40,36.01309583333333,129.31897066666667,1.734190724,50.56,-1,-1
072137.50,36.01309666666666,129.31897199999997,1.674000776,51.07,-1,-1
072137.60,36.01309766666667,129.31897316666667,1.6616541200000001,50.15,-1,-1
072137.70,36.013098666666664,129.31897449999997,1.645191912,50.17,-1,-1
072137.80,36.013099499999996,129.31897566666666,1.59992084,52.03,-1,-1
072137.90,36.01310050000001,129.31897716666668,1.672971888,51.50,-1,-1
072138.00,36.013101333333324,129.3189785,1.629244148,51.94,-1,-1
072138.10,36.013102,129.31897966666668,1.5304709,53.48,-1,-1
072138.20,36.01310266666666,129.31898099999998,1.4924020439999999,55.38,-1,-1
072138.30,36.01310316666666,129.31898233333337,1.5011475920000001,59.19,-1,-1
072138.40,36.01310383333333,129.31898399999997,1.5844875200000001,61.06,-1,-1
072138.50,36.013104500000004,129.31898566666663,1.5839730760000001,63.08,-1,-1
072138.60,36.013105,129.318987,1.573684196,63.10,-1,-1
072138.70,36.01310566666666,129.3189885,1.559794208,64.67,-1,-1
072138.80,36.01310616666667,129.31898983333335,1.518638688,65.68,-1,-1
072138.90,36.01310683333333,129.31899133333334,1.583458632,65.85,-1,-1
072139.00,36.01310733333332,129.31899299999998,1.58705974,66.98,-1,-1
072139.10,36.01310766666666,129.31899433333336,1.508349808,69.49,-1,-1
072139.20,36.01310783333333,129.31899566666667,1.434784316,73.76,-1,-1
072139.30,36.01310783333333,129.31899716666666,1.435813204,78.48,-1,-1
072139.40,36.013108,129.31899916666669,1.597863064,82.32,-1,-1
072139.50,36.013108,129.31900100000001,1.605579724,84.95,-1,-1
072139.60,36.013108,129.31900216666665,1.454847632,86.72,-1,-1
072139.70,36.01310783333333,129.3190035,1.359161048,89.57,-1,-1
072139.80,36.01310766666666,129.31900466666664,1.350929944,92.76,-1,-1
072139.90,36.013107500000004,129.31900633333336,1.406489896,94.87,-1,-1
072140.00,36.01310716666667,129.31900783333333,1.438899868,97.74,-1,-1
072140.10,36.01310683333333,129.31900883333336,1.307716648,101.07,-1,-1
072140.20,36.013106500000006,129.31900983333335,1.223862276,105.44,-1,-1
072140.30,36.013105833333334,129.319011,1.232607824,111.58,-1,-1
072140.40,36.01310516666667,129.31901216666662,1.3457855040000002,116.98,-1,-1
072140.50,36.01310416666667,129.31901333333332,1.3766521440000001,123.05,-1,-1
072140.60,36.01310350000001,129.319014,1.231578936,127.26,-1,-1
072140.70,36.01310266666666,129.31901466666667,1.20637118,132.85,-1,-1
072140.80,36.01310183333333,129.31901533333334,1.189908972,135.92,-1,-1
072140.90,36.013101,129.31901600000003,1.208428956,138.54,-1,-1
072141.00,36.013099833333335,129.3190168333333,1.331381072,141.76,-1,-1
072141.10,36.01309883333333,129.31901749999997,1.277878896,143.83,-1,-1
072141.20,36.013098,129.319018,1.20637118,147.35,-1,-1
072141.30,36.013096833333336,129.31901833333336,1.2212900560000002,151.35,-1,-1
072141.40,36.0130955,129.31901866666666,1.3504155,155.82,-1,-1
072141.50,36.01309416666666,129.31901916666664,1.444044308,159.38,-1,-1
072141.60,36.01309283333333,129.3190195,1.4188365520000001,160.52,-1,-1
072141.70,36.01309166666667,129.31901983333333,1.412663224,161.33,-1,-1
072141.80,36.01309016666667,129.3190201666667,1.4661654000000002,163.43,-1,-1
072141.90,36.013088833333335,129.3190206666667,1.492916488,161.99,-1,-1
072142.00,36.01308733333334,129.31902116666666,1.5865452960000002,163.45,-1,-1
072142.10,36.013086,129.31902133333332,1.5731697519999999,165.37,-1,-1
072142.20,36.013084666666664,129.3190215,1.5032053680000002,167.55,-1,-1
072142.30,36.01308333333333,129.3190215,1.506292032,170.25,-1,-1
072142.40,36.01308183333334,129.31902166666663,1.56648198,171.21,-1,-1
072142.50,36.013080166666676,129.31902166666663,1.6338741440000002,173.46,-1,-1
072142.60,36.013078666666665,129.31902166666663,1.6297585920000002,174.41,-1,-1
072142.70,36.013077166666676,129.31902166666663,1.616383048,175.48,-1,-1
072142.80,36.013075666666666,129.31902166666663,1.614325272,176.28,-1,-1
072142.90,36.01307433333333,129.31902183333335,1.611238608,175.99,-1,-1
072143.00,36.013072666666666,129.31902183333335,1.678116328,175.89,-1,-1
072143.10,36.01307116666666,129.319022,1.615868604,175.30,-1,-1
072143.20,36.013070000000006,129.319022,1.50217648,175.93,-1,-1
072143.30,36.01306866666667,129.31902183333335,1.5016620360000001,177.20,-1,-1
072143.40,36.013067166666666,129.31902183333335,1.545389776,178.22,-1,-1
072143.50,36.013065666666655,129.31902166666663,1.603007504,178.68,-1,-1
072143.60,36.013064166666666,129.3190215,1.605579724,179.83,-1,-1
072143.70,36.013062666666656,129.31902166666663,1.6168974919999999,178.35,-1,-1
072143.80,36.01306116666667,129.31902183333335,1.595805288,177.09,-1,-1
072143.90,36.01306000000001,129.31902183333335,1.516066468,176.41,-1,-1
072144.00,36.01305833333333,129.319022,1.5731697519999999,175.43,-1,-1
072144.10,36.01305683333333,129.31902216666666,1.637475252,174.70,-1,-1
072144.20,36.0130555,129.31902216666666,1.565967536,174.64,-1,-1
072144.30,36.01305416666666,129.31902233333332,1.5047487,175.10,-1,-1
072144.40,36.01305283333334,129.31902216666666,1.493945376,177.12,-1,-1
072144.50,36.01305133333334,129.31902216666666,1.560823096,178.13,-1,-1
072144.60,36.01304983333334,129.319022,1.5772853039999999,179.05,-1,-1
072144.70,36.01304866666667,129.319022,1.519667576,179.64,-1,-1
072144.80,36.01304733333333,129.31902183333335,1.4862287159999998,180.30,-1,-1
072144.90,36.01304616666667,129.31902166666663,1.4188365520000001,180.73,-1,-1
072145.00,36.013045,129.3190215,1.357617716,181.52,-1,-1
072145.10,36.01304383333334,129.31902116666666,1.358646604,184.45,-1,-1
072145.20,36.01304266666667,129.3190206666667,1.321092192,189.96,-1,-1
072145.30,36.013042166666665,129.31901983333333,1.12148792,198.27,-1,-1
072145.40,36.01304166666666,129.319019,0.9702413839999999,209.19,-1,-1
072145.50,36.01304116666667,129.31901816666667,0.947605848,215.53,-1,-1
072145.60,36.01304066666666,129.31901716666667,0.9537791760000001,220.37,-1,-1
072145.70,36.01304016666667,129.31901633333334,0.9259992,223.39,-1,-1
072145.80,36.01303966666667,129.31901533333334,0.940918076,229.37,-1,-1
072145.90,36.01303933333334,129.31901416666665,0.9620102800000001,235.59,-1,-1
072146.00,36.013039,129.31901283333335,1.0319746639999998,241.24,-1,-1
072146.10,36.01303866666666,129.31901116666668,1.1713889880000001,247.51,-1,-1
072146.20,36.01303850000001,129.31900983333335,1.1796200920000002,252.19,-1,-1
072146.30,36.01303850000001,129.3190085,1.1276612480000001,256.06,-1,-1
072146.40,36.013038333333334,129.31900683333333,1.2058567359999999,260.11,-1,-1
072146.50,36.013038333333334,129.31900516666667,1.2871388879999999,262.89,-1,-1
072146.60,36.013038333333334,129.31900316666665,1.423466548,265.49,-1,-1
072146.70,36.013038333333334,129.31900150000004,1.4635931800000002,267.77,-1,-1
072146.80,36.013038333333334,129.31899966666666,1.508349808,267.78,-1,-1
072146.90,36.013038333333334,129.31899766666663,1.585001964,269.17,-1,-1
072147.00,36.013038333333334,129.31899583333333,1.557736432,269.51,-1,-1
072147.10,36.013038333333334,129.31899416666667,1.5448753320000002,269.03,-1,-1
072147.20,36.01303850000001,129.31899216666667,1.5783141920000001,270.89,-1,-1
072147.30,36.01303866666666,129.31899049999998,1.570083088,273.17,-1,-1
072147.40,36.01303883333333,129.31898866666666,1.541788668,274.64,-1,-1
072147.50,36.013039,129.318987,1.522239796,274.94,-1,-1
072147.60,36.013039,129.31898500000003,1.6215274880000001,274.89,-1,-1
072147.70,36.013039166666665,129.31898316666664,1.617411936,276.31,-1,-1
072147.80,36.013039166666665,129.31898116666667,1.65136524,274.40,-1,-1
072147.90,36.013039166666665,129.31897916666665,1.705896304,272.53,-1,-1
072148.00,36.013039166666665,129.31897750000005,1.591175292,270.95,-1,-1
072148.10,36.013039,129.31897583333333,1.5469331080000002,268.87,-1,-1
072148.20,36.01303883333333,129.318974,1.6076375,268.44,-1,-1
072148.30,36.01303883333333,129.3189725,1.5155520240000002,269.72,-1,-1
072148.40,36.01303883333333,129.31897083333334,1.483142052,270.12,-1,-1
072148.50,36.01303883333333,129.31896899999998,1.5037198120000002,270.18,-1,-1
072148.60,36.01303883333333,129.31896716666665,1.568025312,270.10,-1,-1
072148.70,36.01303883333333,129.31896533333332,1.59734862,270.12,-1,-1
072148.80,36.01303866666666,129.31896350000002,1.5798575240000001,268.35,-1,-1
072148.90,36.013038333333334,129.31896166666664,1.627186372,265.18,-1,-1
072149.00,36.013038,129.31895999999998,1.570083088,263.17,-1,-1
072149.10,36.0130375,129.31895850000004,1.5387020040000001,258.94,-1,-1
072149.20,36.013037,129.3189565,1.625128596,255.71,-1,-1
072149.30,36.01303649999999,129.318955,1.565453092,254.10,-1,-1
072149.40,36.013036,129.3189536666667,1.4779976120000002,251.76,-1,-1
072149.50,36.01303533333333,129.31895216666663,1.4553620760000001,249.59,-1,-1
072149.60,36.0130345,129.31895049999997,1.5155520240000002,244.95,-1,-1
072149.70,36.013033666666665,129.31894900000003,1.562366428,241.30,-1,-1
072149.80,36.013032833333334,129.31894766666667,1.559279764,237.78,-1,-1
072149.90,36.01303166666666,129.31894650000004,1.541788668,230.76,-1,-1
072150.00,36.013030666666666,129.31894566666665,1.4574198520000001,225.94,-1,-1
072150.10,36.01302933333333,129.31894483333332,1.449188748,220.06,-1,-1
072150.20,36.013028,129.318944,1.521210908,214.75,-1,-1
072150.30,36.013026833333335,129.31894316666666,1.498575372,213.08,-1,-1
072150.40,36.013025666666664,129.31894233333333,1.433755428,211.23,-1,-1
072150.50,36.01302449999999,129.31894183333335,1.4142065560000001,208.84,-1,-1
072150.60,36.01302316666667,129.3189411666667,1.458963184,204.83,-1,-1
072150.70,36.01302166666667,129.31894066666666,1.518124244,201.44,-1,-1
072150.80,36.013020499999996,129.31894016666664,1.46873762,200.59,-1,-1
072150.90,36.01301916666666,129.31893950000003,1.48159872,199.49,-1,-1
072151.00,36.01301766666666,129.318939,1.507835364,197.96,-1,-1
072151.10,36.013016333333326,129.31893866666664,1.498060928,196.22,-1,-1
072151.20,36.013015,129.31893833333334,1.523268684,192.73,-1,-1
072151.30,36.013013333333326,129.318938,1.57677086,191.80,-1,-1
072151.40,36.01301216666666,129.31893783333337,1.482627608,191.80,-1,-1
072151.50,36.01301083333333,129.31893733333334,1.470795396,191.65,-1,-1
072151.60,36.013009499999995,129.31893716666667,1.498575372,190.43,-1,-1
072151.70,36.013008000000006,129.3189368333333,1.520696464,189.82,-1,-1
072151.80,36.01300666666667,129.3189365,1.554135324,188.90,-1,-1
072151.90,36.01300516666667,129.31893616666665,1.534072008,188.52,-1,-1
072152.00,36.01300366666667,129.31893599999998,1.566996424,187.19,-1,-1
072152.10,36.01300233333333,129.31893583333334,1.52789868,187.63,-1,-1
072152.20,36.013001,129.31893566666668,1.547447552,185.46,-1,-1
072152.30,36.01299933333333,129.3189355,1.617411936,184.86,-1,-1
072152.40,36.012998,129.31893533333331,1.564938648,184.86,-1,-1
072152.50,36.012997000000006,129.318935,1.396201016,186.73,-1,-1
072152.60,36.01299566666667,129.31893466666668,1.395686572,188.66,-1,-1
072152.70,36.01299433333333,129.31893433333332,1.470795396,189.55,-1,-1
072152.80,36.01299266666667,129.31893366666665,1.573684196,191.99,-1,-1
072152.90,36.0129915,129.318933,1.5489908840000002,194.70,-1,-1
072153.00,36.01299016666666,129.31893250000002,1.4790265,196.33,-1,-1
072153.10,36.012989166666664,129.318932,1.3699643719999999,198.36,-1,-1
072153.20,36.01298833333333,129.31893149999996,1.261931132,198.99,-1,-1
072153.30,36.01298716666666,129.31893083333335,1.32212108,201.01,-1,-1
072153.40,36.01298633333333,129.31892983333336,1.28096556,207.43,-1,-1
072153.50,36.012985833333325,129.31892883333333,1.1703601,218.13,-1,-1
072153.60,36.0129855,129.31892750000003,1.081875732,230.83,-1,-1
072153.70,36.0129855,129.31892649999998,0.9692124959999999,243.57,-1,-1
072153.80,36.0129855,129.31892500000004,1.025286892,253.89,-1,-1
072153.90,36.01298566666667,129.3189235,1.12406014,262.59,-1,-1
072154.00,36.01298566666667,129.31892233333332,1.099366828,264.47,-1,-1
072154.10,36.01298566666667,129.318921,1.099366828,267.18,-1,-1
072154.20,36.01298566666667,129.3189196666667,1.108112376,268.02,-1,-1
072154.30,36.01298566666667,129.31891816666666,1.172417876,266.81,-1,-1
072154.40,36.01298566666667,129.3189165,1.259358912,267.11,-1,-1
072154.50,36.01298566666667,129.31891516666667,1.2372378199999998,269.53,-1,-1
072154.60,36.012985833333325,129.31891383333337,1.218203392,272.06,-1,-1
072154.70,36.012986,129.31891233333332,1.253700028,274.24,-1,-1
072154.80,36.012986166666664,129.31891083333335,1.3041155400000002,275.92,-1,-1
072154.90,36.01298633333333,129.31890883333332,1.417807664,276.09,-1,-1
072155.00,36.01298666666667,129.31890716666666,1.4615354040000001,277.30,-1,-1
072155.10,36.01298666666667,129.3189055,1.493945376,276.41,-1,-1
072155.20,36.01298666666667,129.31890366666667,1.496003152,274.65,-1,-1
072155.30,36.012986833333336,129.31890216666667,1.439928756,273.84,-1,-1
072155.40,36.012986833333336,129.31890033333332,1.526355348,273.02,-1,-1
072155.50,36.012986999999995,129.3188985,1.583458632,274.55,-1,-1
072155.60,36.01298716666666,129.318897,1.502690924,275.75,-1,-1
072155.70,36.012987333333335,129.31889549999997,1.408547672,277.08,-1,-1
072155.80,36.0129875,129.3188938333333,1.476968724,276.55,-1,-1
072155.90,36.01298766666666,129.31889183333334,1.563395316,277.60,-1,-1
072156.00,36.01298783333334,129.31889016666668,1.557736432,278.61,-1,-1
072156.10,36.01298800000001,129.31888833333332,1.57419864,276.35,-1,-1
072156.20,36.01298800000001,129.31888666666666,1.593233068,275.03,-1,-1
072156.30,36.01298800000001,129.3188851666667,1.500118704,273.59,-1,-1
072156.40,36.01298783333334,129.31888316666667,1.570083088,270.51,-1,-1
072156.50,36.01298766666666,129.31888116666664,1.657538568,269.05,-1,-1
072156.60,36.01298766666666,129.31887949999998,1.612267496,268.41,-1,-1
072156.70,36.012987333333335,129.31887783333337,1.603007504,265.48,-1,-1
072156.80,36.012986833333336,129.31887583333335,1.6580530119999999,261.09,-1,-1
072156.90,36.01298633333333,129.31887366666666,1.7830629040000001,258.36,-1,-1
072157.00,36.012985833333325,129.31887133333333,1.9075583520000001,257.12,-1,-1
072157.10,36.01298516666667,129.3188693333333,1.9554016440000002,254.86,-1,-1
072157.20,36.012983999999996,129.31886699999995,2.10407596,249.05,-1,-1
072157.30,36.012982833333325,129.31886433333332,2.2939057959999998,246.41,-1,-1
072157.40,36.01298200000001,129.31886199999997,2.2686980400000003,245.96,-1,-1
072157.50,36.012981333333336,129.31885983333333,2.2157103080000002,246.95,-1,-1
072157.60,36.012980166666665,129.31885666666668,2.494538956,246.89,-1,-1
072157.70,36.01297900000001,129.31885366666666,2.6565888159999997,245.94,-1,-1
072157.80,36.012977500000005,129.31885100000002,2.745073184,242.71,-1,-1
072157.90,36.0129755,129.318848,2.9503363400000002,237.59,-1,-1
072158.00,36.0129735,129.31884516666665,3.116501752,234.60,-1,-1
072158.10,36.012971500000006,129.3188425,3.13553618,232.38,-1,-1
072158.20,36.01296983333333,129.31884016666666,3.047566256,231.14,-1,-1
072158.30,36.012967666666675,129.31883733333336,3.166917264,230.10,-1,-1
072158.40,36.012965333333334,129.3188346666667,3.3078749199999997,227.03,-1,-1
072158.50,36.01296250000001,129.31883233333338,3.4498614640000005,222.19,-1,-1
072158.60,36.012959333333335,129.31883083333332,3.509022524,214.71,-1,-1
072158.70,36.01295616666667,129.31882950000002,3.5645824760000004,210.19,-1,-1
072158.80,36.01295350000001,129.31882816666666,3.4210526000000003,207.93,-1,-1
072158.90,36.01295066666666,129.31882733333333,3.2723782839999997,203.78,-1,-1
072159.00,36.01294750000001,129.31882700000003,3.306846032,198.25,-1,-1
072159.10,36.01294433333333,129.31882700000003,3.371151532,192.46,-1,-1
072159.20,36.01294116666666,129.3188276666667,3.362405984,185.91,-1,-1
072159.30,36.012938000000005,129.31882966666666,3.344400444,175.01,-1,-1
072159.40,36.012935000000006,129.3188315,3.379382636,168.84,-1,-1
072159.50,36.01293216666666,129.31883283333335,3.333082676,165.78,-1,-1
072159.60,36.012929666666665,129.318835,3.2281361000000004,159.70,-1,-1
072159.70,36.01292716666667,129.31883783333333,3.309418252,152.92,-1,-1
072159.80,36.0129245,129.318841,3.4225959319999997,147.00,-1,-1
072159.90,36.01292283333333,129.3188445,3.396359288,137.81,-1,-1
072200.00,36.0129215,129.31884850000003,3.446260356,128.55,-1,-1
072200.10,36.01292016666666,129.31885183333335,3.3742381960000003,124.90,-1,-1
072200.20,36.01291883333334,129.31885499999996,3.279066056,122.25,-1,-1
072200.30,36.01291799999999,129.3188585,3.219390552,116.91,-1,-1
072200.40,36.01291766666667,129.31886283333336,3.358804876,109.22,-1,-1
072200.50,36.01291766666667,129.31886716666668,3.487415876,102.91,-1,-1
072200.60,36.01291833333333,129.31887133333333,3.518282516,94.26,-1,-1
072200.70,36.01291966666667,129.31887550000002,3.5923624519999997,84.82,-1,-1
072200.80,36.0129205,129.31887949999998,3.612425768,81.95,-1,-1
072200.90,36.01292166666667,129.31888316666667,3.547605824,78.46,-1,-1
072201.00,36.01292316666666,129.31888666666666,3.4848436560000002,72.88,-1,-1
072201.10,36.012925,129.3188908333333,3.751840092,68.55,-1,-1
072201.20,36.01292733333333,129.31889483333336,3.9792243400000005,64.29,-1,-1
072201.30,36.01293016666667,129.3188985,4.0898298,57.96,-1,-1
072201.40,36.0129325,129.31890216666667,4.135615316,55.27,-1,-1
072201.50,36.012934666666666,129.31890600000003,4.147961972,55.87,-1,-1
072201.60,36.012936833333335,129.3189095,4.086228692,53.91,-1,-1
072201.70,36.01293916666667,129.31891366666665,4.258567432,53.60,-1,-1
072201.80,36.012941833333336,129.31891783333336,4.44479616,53.23,-1,-1
072201.90,36.01294450000001,129.31892166666665,4.50652944,51.82,-1,-1
072202.00,36.012947833333335,129.31892533333334,4.633597108,47.90,-1,-1
072202.10,36.01295066666666,129.31892916666663,4.672180408000001,47.15,-1,-1
072202.20,36.012953333333336,129.318933,4.6428571000000005,48.44,-1,-1
072202.30,36.01295583333333,129.3189368333333,4.540482744,49.63,-1,-1
072202.40,36.012958499999996,129.3189411666667,4.660348196,49.76,-1,-1
072202.50,36.01296133333334,129.31894566666665,4.8234269439999995,50.81,-1,-1
072202.60,36.01296416666667,129.31894983333336,4.892876884,50.42,-1,-1
072202.70,36.012967499999995,129.31895416666666,5.009141228,48.37,-1,-1
072202.80,36.01297016666667,129.31895850000004,4.975702368,49.87,-1,-1
072202.90,36.01297283333333,129.3189626666667,4.884131336,51.04,-1,-1
072203.00,36.01297533333334,129.31896716666665,4.894420215999999,51.68,-1,-1
072203.10,36.012978,129.31897166666667,4.980846808,52.66,-1,-1
072203.20,36.01298083333334,129.31897633333335,5.023545660000001,53.04,-1,-1
072203.30,36.012983999999996,129.31898066666665,5.125920016,51.02,-1,-1
072203.40,36.012986833333336,129.31898483333336,5.027661212,50.47,-1,-1
072203.50,36.01298933333333,129.31898916666668,4.935061292,52.05,-1,-1
072203.60,36.01299166666667,129.31899316666667,4.720538144,52.27,-1,-1
072203.70,36.01299433333333,129.3189975,4.810565844000001,52.45,-1,-1
072203.80,36.01299683333334,129.31900183333335,4.843490259999999,53.00,-1,-1
072203.90,36.01299983333334,129.31900633333336,4.98753458,52.11,-1,-1
072204.00,36.013003166666664,129.31901066666668,5.068816732,49.58,-1,-1
072204.10,36.0130055,129.31901449999998,4.798219188,50.69,-1,-1
072204.20,36.01300783333333,129.31901850000003,4.686070396,52.09,-1,-1
072204.30,36.0130105,129.31902250000002,4.66086264,51.79,-1,-1
072204.40,36.013013,129.31902683333334,4.68915706,52.75,-1,-1
072204.50,36.01301533333334,129.31903066666666,4.601187136000001,53.11,-1,-1
072204.60,36.013017833333336,129.31903450000001,4.556944952,52.56,-1,-1
072204.70,36.01302016666667,129.3190383333333,4.451998376,52.40,-1,-1
072204.80,36.01302166666667,129.31904133333333,3.9998021,54.43,-1,-1
072204.90,36.01302333333333,129.31904466666668,3.8017411599999997,55.88,-1,-1
072205.00,36.01302483333333,129.31904833333334,3.719944564,57.99,-1,-1
072205.10,36.01302616666667,129.31905183333336,3.6510090680000005,60.77,-1,-1
072205.20,36.01302749999999,129.31905566666666,3.6890779240000002,63.02,-1,-1
072205.30,36.013028,129.31905966666665,3.6386624120000004,68.79,-1,-1
072205.40,36.013028500000004,129.3190623333333,3.2168183320000003,71.79,-1,-1
072205.50,36.013029,129.3190648333333,2.917411924,73.20,-1,-1
072205.60,36.01302883333333,129.31906783333335,2.800633136,80.68,-1,-1
072205.70,36.01302816666666,129.31907066666668,2.63909772,88.63,-1,-1
072205.80,36.013027666666666,129.31907283333334,2.456984544,94.02,-1,-1
072205.90,36.013026833333335,129.3190751666667,2.3721012839999998,102.00,-1,-1
072206.00,36.01302533333334,129.31907783333332,2.491452292,110.75,-1,-1
072206.10,36.01302449999999,129.31907983333335,2.329916876,111.93,-1,-1
072206.20,36.01302416666667,129.31908149999998,2.068579324,110.86,-1,-1
072206.30,36.013022666666664,129.31908266666667,1.885951704,122.69,-1,-1
072206.40,36.01302133333334,129.31908316666667,1.697150756,133.50,-1,-1
072206.50,36.01301866666667,129.31908366666664,2.0665215480000003,149.40,-1,-1
072206.70,36.01301316666666,129.3190846666667,2.7003165559999998,167.40,-1,-1
072206.80,36.013010666666666,129.3190838333333,2.6478432680000004,177.18,-1,-1
072206.90,36.013008666666664,129.31908299999998,2.527463372,182.89,-1,-1
072207.00,36.013006000000004,129.3190825,2.644756604,186.12,-1,-1
072207.10,36.01300333333333,129.31908199999998,2.699802112,187.69,-1,-1
072207.20,36.0130005,129.31908116666665,2.9199841440000003,188.74,-1,-1
072207.30,36.01299733333333,129.31908066666668,3.14839728,188.23,-1,-1
072207.40,36.01299366666667,129.31908049999998,3.404075948,186.59,-1,-1
072207.50,36.01299066666666,129.31907966666665,3.468381448,188.00,-1,-1
072207.60,36.01298766666666,129.319079,3.447803688,188.70,-1,-1
072207.70,36.01298466666666,129.319078,3.447289244,190.66,-1,-1
072207.80,36.01298183333333,129.319077,3.368064868,193.49,-1,-1
072207.90,36.01297916666667,129.31907600000002,3.2800949440000005,193.88,-1,-1
072208.00,36.01297616666667,129.3190751666667,3.322793796,193.31,-1,-1
072208.10,36.012972999999995,129.31907416666664,3.456034792,193.42,-1,-1
072208.20,36.01297016666667,129.319073,3.363949316,195.77,-1,-1
072208.30,36.01296816666667,129.31907199999998,3.0033240720000003,197.76,-1,-1
072208.40,36.012966666666664,129.31907066666668,2.6658488080000002,201.04,-1,-1
072208.50,36.01296516666667,129.31906800000002,2.6169766279999997,213.64,-1,-1
072208.60,36.01296416666667,129.3190656666667,2.461100096,222.59,-1,-1
072208.70,36.012963166666665,129.31906366666666,2.3551246320000003,227.17,-1,-1
072208.80,36.01296183333333,129.3190613333333,2.388049048,230.56,-1,-1
072208.90,36.012961,129.31905783333335,2.653502152,239.52,-1,-1
072209.00,36.01296083333333,129.31905466666666,2.64166994,248.39,-1,-1
072209.10,36.01296083333333,129.31905166666667,2.580451104,255.73,-1,-1
072209.20,36.01296116666667,129.31904816666668,2.770795384,263.75,-1,-1
072209.30,36.01296133333334,129.31904516666665,2.7399287439999997,266.34,-1,-1
072209.40,36.012961,129.319042,2.764107612,264.98,-1,-1
072209.50,36.012960500000005,129.31903849999998,2.889631948,263.17,-1,-1
072209.60,36.012960333333325,129.31903483333332,3.046537368,264.24,-1,-1
072209.70,36.012960333333325,129.31903166666666,2.947249676,266.69,-1,-1
072209.80,36.012960166666666,129.31902866666664,2.8808864,265.59,-1,-1
072209.90,36.01296,129.31902550000004,2.878828624,266.50,-1,-1
072210.00,36.01295983333333,129.31902283333332,2.704946552,265.74,-1,-1
072210.10,36.012959,129.31901966666666,2.785199816,259.44,-1,-1
072210.20,36.012957333333325,129.31901699999997,2.849505316,248.48,-1,-1
072210.40,36.012954500000006,129.31901216666662,2.707004328,238.70,-1,-1
072210.50,36.012953,129.319011,2.447724552,231.51,-1,-1
072210.60,36.012950333333336,129.3190095,2.627779952,221.49,-1,-1
072210.70,36.012947833333335,129.31900783333333,2.780055376,217.68,-1,-1
072210.80,36.012945,129.31900633333336,3.037277376,212.63,-1,-1
072210.90,36.01294166666666,129.3190056666667,3.214760556,204.10,-1,-1
072211.00,36.01293850000001,129.31900466666664,3.3181638,200.54,-1,-1
072211.10,36.012936,129.3190035,3.19212502,200.83,-1,-1
072211.20,36.012933833333335,129.31900283333334,2.986861864,199.29,-1,-1
072211.30,36.01293116666666,129.31900166666668,3.011040732,199.96,-1,-1
072211.40,36.01292883333333,129.31900066666665,2.916383036,200.19,-1,-1
072211.50,36.01292633333333,129.319,2.892204168,197.39,-1,-1
072211.60,36.012923666666666,129.31899883333332,2.94004746,198.89,-1,-1
072211.70,36.01292183333334,129.31899783333336,2.714206544,200.24,-1,-1
072211.80,36.012920333333334,129.31899716666666,2.3510090800000003,199.93,-1,-1
072211.90,36.01291883333334,129.3189955,2.238345844,208.16,-1,-1
072212.10,36.01291683333333,129.31899166666668,2.067035992,229.12,-1,-1
072212.20,36.01291566666666,129.31898883333332,2.30470912,234.36,-1,-1
072212.30,36.01291566666666,129.31898583333336,2.324772436,246.46,-1,-1
072212.40,36.01291583333334,129.31898233333337,2.492995624,255.92,-1,-1
072212.50,36.01291583333334,129.31897966666668,2.432805676,261.00,-1,-1
072212.60,36.012916000000004,129.3189765,2.581994436,265.08,-1,-1
072212.70,36.012916000000004,129.31897283333336,2.81915312,267.52,-1,-1
072212.80,36.01291583333334,129.31896949999998,2.890660836,266.64,-1,-1
072212.90,36.01291533333333,129.31896616666666,2.985318532,263.73,-1,-1
072213.00,36.012915166666666,129.3189626666667,3.032132936,265.45,-1,-1
072213.10,36.0129155,129.31895966666667,2.9127819280000002,268.85,-1,-1
072213.20,36.012915166666666,129.31895616666668,3.017728504,267.05,-1,-1
072213.30,36.012914333333335,129.31895166666666,3.3557182119999998,261.52,-1,-1
072213.40,36.012913166666664,129.31894816666664,3.329996012,256.61,-1,-1
072213.50,36.012911333333335,129.31894466666665,3.455520348,249.13,-1,-1
072213.60,36.01290966666666,129.3189405,3.725089004,247.08,-1,-1
072213.70,36.0129085,129.31893700000003,3.62168576,247.39,-1,-1
072213.80,36.012906833333325,129.31893349999999,3.647922404,244.37,-1,-1
072213.90,36.012904500000005,129.3189295,3.921606612,240.51,-1,-1
072214.00,36.01290166666667,129.31892583333337,4.084170916,235.23,-1,-1
072214.10,36.01289833333333,129.3189235,4.077997588,226.67,-1,-1
072214.20,36.012895500000006,129.31892066666666,4.067194264,224.16,-1,-1
072214.30,36.01289283333333,129.3189175,4.049703168,224.42,-1,-1
072214.40,36.01288983333333,129.31891516666667,4.01780764,220.84,-1,-1
072214.50,36.012886,129.31891283333331,4.293549624,215.73,-1,-1
072214.60,36.01288233333332,129.31891133333332,4.242619668,210.04,-1,-1
072214.70,36.01287883333333,129.31891133333332,3.986426556,201.04,-1,-1
072214.90,36.012871833333335,129.31890816666666,4.090858688,200.55,-1,-1
072215.00,36.012868499999996,129.31890783333333,3.924178832,196.35,-1,-1
072215.10,36.01286483333333,129.31890850000002,3.848555564,189.39,-1,-1
072215.20,36.012861666666666,129.31890999999996,3.695765696,181.01,-1,-1
072215.40,36.0128555,129.31891216666665,3.466323672,169.78,-1,-1
072215.50,36.01285300000001,129.31891366666665,3.304788256,165.53,-1,-1
072215.60,36.0128505,129.3189165,3.290383824,156.22,-1,-1
072215.70,36.0128485,129.31892033333335,3.317134912,145.38,-1,-1
072215.80,36.01284733333333,129.31892383333334,3.1679461520000003,133.29,-1,-1
072215.90,36.01284700000001,129.31892766666667,3.118559528,120.98,-1,-1
072216.10,36.012844666666666,129.31893416666668,3.147368392,115.58,-1,-1
072216.20,36.012845000000006,129.31893816666667,3.17926392,104.83,-1,-1
072216.30,36.01284566666667,129.318943,3.4817569919999998,94.94,-1,-1
072216.40,36.0128475,129.318947,3.584131348,83.92,-1,-1
072216.50,36.01284966666667,129.31895049999997,3.5681835840000002,74.12,-1,-1
072216.60,36.01285033333333,129.31895483333335,3.664899056,75.40,-1,-1
072216.70,36.0128515,129.318959,3.75029676,73.50,-1,-1
072216.80,36.012853666666665,129.31896350000002,4.037356512,68.78,-1,-1
072216.90,36.01285633333334,129.31896833333334,4.443767272,63.71,-1,-1
072217.00,36.0128595,129.31897266666667,4.6140482359999995,57.44,-1,-1
072217.10,36.012862000000005,129.31897683333332,4.610961572,56.51,-1,-1
072217.20,36.012864166666674,129.31898116666667,4.616106012,56.99,-1,-1
072217.30,36.012866833333334,129.31898616666666,4.827542496,56.64,-1,-1
072217.40,36.01287016666667,129.31899099999998,5.157815544,54.82,-1,-1
072217.50,36.01287383333333,129.31899583333333,5.402690888,51.46,-1,-1
072217.60,36.012877,129.319,5.240126584,50.23,-1,-1
072217.70,36.01287966666666,129.31900466666664,5.215947716,51.15,-1,-1
072217.80,36.01288316666667,129.31901,5.515354124,51.33,-1,-1
072217.90,36.012886666666674,129.31901533333334,5.748397256,51.58,-1,-1
072218.00,36.012890500000005,129.31902033333333,5.872892704000001,49.67,-1,-1
072218.10,36.012893999999996,129.31902483333334,5.783379448000001,48.73,-1,-1
072218.20,36.01289666666666,129.31903,5.693866192,51.34,-1,-1
072218.30,36.012899999999995,129.3190355,5.832766072,52.19,-1,-1
072218.40,36.012902999999994,129.319041,5.918163776,53.22,-1,-1
072218.50,36.012907000000006,129.31904666666668,6.245864604,51.89,-1,-1
072218.70,36.0129135,129.31905666666668,5.875464924,51.89,-1,-1
072218.80,36.0129165,129.31906183333334,5.799327212,52.63,-1,-1
072218.90,36.01292000000001,129.31906766666665,5.986584828000001,53.19,-1,-1
072219.00,36.01292316666666,129.31907316666667,6.035457008,53.53,-1,-1
072219.10,36.01292733333333,129.31907883333332,6.336406748,51.85,-1,-1
072219.20,36.012930833333336,129.319084,6.175385776,51.39,-1,-1
072219.40,36.012937,129.31909399999998,5.8379105120000006,52.20,-1,-1
072219.50,36.012939833333334,129.3190991666667,5.767946128,53.41,-1,-1
072219.60,36.01294316666667,129.31910383333334,5.711357288,51.83,-1,-1
072219.70,36.0129465,129.3191086666667,5.705698404,51.09,-1,-1
072219.80,36.01294933333334,129.3191131666667,5.496834140000001,51.12,-1,-1
072219.90,36.01295149999999,129.31911683333334,5.021487884,51.48,-1,-1
072220.10,36.0129555,129.31912483333335,4.424732844,55.32,-1,-1
072220.20,36.012957500000006,129.319128,4.182429720000001,54.19,-1,-1
072220.30,36.012958499999996,129.3191315,3.873248876,57.61,-1,-1
072220.40,36.01295866666666,129.31913433333335,3.3979026200000004,62.27,-1,-1
072220.50,36.012959333333335,129.31913766666668,3.2667194,65.75,-1,-1
072220.60,36.01295916666667,129.31914049999997,2.943134124,73.29,-1,-1
072220.70,36.01295916666667,129.3191435,2.833043108,77.65,-1,-1
072220.80,36.01295950000001,129.31914633333335,2.732212084,79.45,-1,-1
072220.90,36.01295916666667,129.31914866666668,2.4785911919999997,85.24,-1,-1
072221.00,36.01295883333333,129.31915016666665,2.0510882280000002,90.97,-1,-1
072221.10,36.01295816666667,129.319152,1.941511656,98.72,-1,-1
072221.20,36.012957333333325,129.3191535,1.77225958,107.39,-1,-1
072221.30,36.01295666666666,129.31915499999997,1.7089829680000002,111.34,-1,-1
072221.40,36.0129555,129.31915683333332,1.816501764,117.82,-1,-1
072221.50,36.01295416666667,129.31915783333332,1.764028476,128.35,-1,-1
072221.60,36.012953,129.31915883333335,1.662168564,132.10,-1,-1
072221.70,36.012952,129.31916033333331,1.698694088,130.61,-1,-1
072221.80,36.012950833333335,129.31916133333334,1.646735244,135.23,-1,-1
072221.90,36.012949666666664,129.3191618333333,1.492916488,145.12,-1,-1
072222.00,36.01294849999999,129.3191618333333,1.402888788,154.48,-1,-1
072222.10,36.012947000000004,129.31916216666664,1.48674316,161.49,-1,-1
072222.20,36.01294583333333,129.31916216666664,1.4167787760000001,167.64,-1,-1
072222.30,36.01294466666666,129.31916199999998,1.361218824,172.22,-1,-1
072222.40,36.0129435,129.3191618333333,1.31697664,176.89,-1,-1
072222.50,36.01294233333333,129.31916166666667,1.325722188,180.76,-1,-1
072222.60,36.01294116666666,129.3191611666667,1.3329244040000001,186.02,-1,-1
072222.70,36.01294,129.31916066666668,1.319034416,192.76,-1,-1
072222.80,36.012939,129.31915983333334,1.2645033520000002,199.31,-1,-1
072222.90,36.012938000000005,129.31915916666668,1.2567866920000001,203.60,-1,-1
072223.00,36.012937,129.31915816666668,1.349901056,206.84,-1,-1
072223.10,36.01293583333334,129.31915716666666,1.43529876,211.23,-1,-1
072223.20,36.012935000000006,129.31915583333335,1.404946564,218.29,-1,-1
072223.30,36.012934,129.31915466666666,1.4641076240000002,221.34,-1,-1
072223.40,36.01293283333334,129.31915316666664,1.59734862,221.71,-1,-1
072223.50,36.01293166666667,129.319152,1.614325272,222.29,-1,-1
072223.60,36.01293066666667,129.31915066666664,1.6235852640000001,222.70,-1,-1
072223.70,36.012929666666665,129.31914933333334,1.625128596,225.13,-1,-1
072223.80,36.01292883333333,129.31914783333335,1.6127819399999999,228.72,-1,-1
072223.90,36.01292816666666,129.31914633333335,1.596834176,232.18,-1,-1
072224.00,36.01292733333333,129.31914483333333,1.622556376,233.11,-1,-1
072224.10,36.01292616666666,129.31914316666666,1.698694088,232.05,-1,-1
072224.20,36.01292533333333,129.31914166666667,1.680688548,232.12,-1,-1
072224.30,36.01292433333333,129.31914016666667,1.697150756,232.03,-1,-1
072224.40,36.01292333333333,129.31913866666665,1.74139294,232.40,-1,-1
072224.50,36.0129225,129.3191371666667,1.696636312,231.91,-1,-1
072224.60,36.01292133333333,129.31913566666665,1.777918464,230.50,-1,-1
072224.70,36.0129205,129.319134,1.74139294,232.93,-1,-1
072224.80,36.01291966666667,129.31913250000002,1.734190724,234.52,-1,-1
072224.90,36.01291883333334,129.3191308333333,1.745508492,235.22,-1,-1
072225.00,36.01291799999999,129.31912916666664,1.7424218280000001,235.76,-1,-1
072225.10,36.01291700000001,129.31912750000004,1.775346244,235.56,-1,-1
072225.20,36.01291616666666,129.31912583333332,1.754768484,236.03,-1,-1
072225.30,36.01291533333333,129.31912433333332,1.7419073840000001,235.83,-1,-1
072225.40,36.0129145,129.31912300000002,1.67965966,235.39,-1,-1
072225.50,36.0129135,129.31912150000002,1.6935496479999999,233.58,-1,-1
072225.60,36.0129125,129.31911983333336,1.736762944,232.55,-1,-1
072225.70,36.01291166666667,129.3191185,1.628729704,233.94,-1,-1
072225.80,36.01291083333333,129.319117,1.6631974520000001,233.75,-1,-1
072225.90,36.01290983333334,129.31911533333334,1.715156296,234.75,-1,-1
072226.00,36.01290899999999,129.31911366666668,1.722358512,235.67,-1,-1
072226.10,36.012907999999996,129.31911216666666,1.7763751319999999,234.78,-1,-1
072226.20,36.012907166666665,129.31911066666666,1.7393351639999999,234.89,-1,-1
072226.30,36.01290616666667,129.31910916666666,1.74139294,233.25,-1,-1
072226.40,36.012905333333336,129.31910766666664,1.721329624,233.13,-1,-1
072226.50,36.01290433333333,129.3191061666667,1.7125840760000002,232.87,-1,-1
072226.60,36.012903333333334,129.31910449999998,1.760941812,231.67,-1,-1
072226.70,36.01290233333334,129.31910316666668,1.690977428,232.15,-1,-1
072226.80,36.012901500000005,129.31910183333332,1.649821908,232.66,-1,-1
072226.90,36.01290066666666,129.31910033333332,1.627186372,233.68,-1,-1
072227.00,36.01289983333334,129.31909883333336,1.655480792,232.94,-1,-1
072227.10,36.01289883333333,129.3190973333333,1.7233874,231.95,-1,-1
072227.20,36.01289783333333,129.319096,1.683775212,231.59,-1,-1
072227.30,36.01289683333334,129.31909466666667,1.6652552280000001,230.56,-1,-1
072227.40,36.01289583333333,129.31909316666665,1.672457444,229.93,-1,-1
072227.50,36.01289483333333,129.31909183333335,1.678630772,228.88,-1,-1
072227.60,36.012893833333344,129.31909033333335,1.7007518640000001,228.74,-1,-1
072227.70,36.01289283333333,129.319089,1.6709141120000002,230.34,-1,-1
072227.80,36.012892,129.3190875,1.694578536,231.33,-1,-1
072227.90,36.012890999999996,129.31908583333333,1.7269885080000003,232.81,-1,-1
072228.00,36.01289,129.31908433333334,1.7506529320000002,232.36,-1,-1
072228.10,36.01288883333333,129.31908266666667,1.824218424,231.26,-1,-1
072228.20,36.01288783333333,129.319081,1.819588428,231.29,-1,-1
072228.30,36.012886666666674,129.3190795,1.856628396,230.18,-1,-1
072228.40,36.01288566666666,129.319078,1.8180450959999999,229.30,-1,-1
072228.50,36.012884500000006,129.31907683333336,1.809299548,226.33,-1,-1
072228.60,36.01288316666667,129.3190755,1.8309061960000002,224.16,-1,-1
072228.70,36.01288216666667,129.31907416666664,1.7439651600000001,225.22,-1,-1
072228.80,36.01288133333334,129.31907283333334,1.690977428,227.77,-1,-1
072228.90,36.012880333333335,129.31907133333334,1.6976651999999999,229.01,-1,-1
072229.00,36.01287916666667,129.31906966666668,1.753739596,228.89,-1,-1
072229.10,36.01287816666666,129.31906816666668,1.7830629040000001,229.07,-1,-1
072229.20,36.012877,129.31906666666666,1.771230692,228.71,-1,-1
072229.30,36.012876,129.31906533333333,1.755282928,229.25,-1,-1
072229.40,36.01287516666666,129.31906400000003,1.719786292,228.63,-1,-1
072229.50,36.01287383333333,129.3190625,1.757340704,226.30,-1,-1
072229.60,36.01287266666667,129.319061,1.811871768,226.71,-1,-1
072229.70,36.012871833333335,129.3190595,1.740364052,229.46,-1,-1
072229.80,36.012871000000004,129.31905816666665,1.68737632,230.97,-1,-1
072229.90,36.01287016666667,129.31905666666668,1.6755441080000002,231.60,-1,-1
072230.00,36.01286916666666,129.31905516666663,1.699208532,232.00,-1,-1
072230.10,36.01286816666667,129.31905350000002,1.743450716,231.33,-1,-1
072230.20,36.01286716666667,129.31905200000003,1.7521962640000002,231.59,-1,-1
072230.30,36.012866,129.31905049999997,1.801068444,230.35,-1,-1
072230.40,36.012865000000005,129.31904916666667,1.74139294,229.88,-1,-1
072230.50,36.012863833333334,129.31904766666665,1.76454292,227.60,-1,-1
072230.60,36.01286266666666,129.31904616666665,1.8355361920000002,227.18,-1,-1
072230.70,36.012861666666666,129.31904466666668,1.7861495680000001,229.17,-1,-1
072230.80,36.012860833333335,129.3190433333333,1.719271848,230.30,-1,-1
072230.90,36.01286,129.319042,1.66422634,230.19,-1,-1
072231.00,36.01285883333333,129.3190405,1.707439636,228.70,-1,-1
072231.10,36.01285766666667,129.31903899999998,1.743450716,228.84,-1,-1
072231.20,36.01285683333334,129.31903783333334,1.672457444,228.27,-1,-1
072231.30,36.01285566666667,129.31903649999998,1.688919652,226.94,-1,-1
072231.40,36.01285466666667,129.31903516666668,1.696636312,226.88,-1,-1
072231.50,36.0128535,129.31903383333335,1.7166996280000002,224.88,-1,-1
072231.60,36.01285233333333,129.3190325,1.727502952,225.20,-1,-1
072231.70,36.0128515,129.31903116666663,1.6240997080000001,227.57,-1,-1
072231.80,36.0128505,129.31902983333333,1.635417476,228.13,-1,-1
072231.90,36.01284966666667,129.31902833333334,1.6297585920000002,228.72,-1,-1
072232.00,36.01284866666667,129.31902699999998,1.6539374599999999,229.45,-1,-1
072232.10,36.012847666666666,129.31902566666668,1.6539374599999999,229.00,-1,-1
072232.20,36.012846833333334,129.31902433333335,1.613810828,229.30,-1,-1
072232.30,36.01284566666667,129.319023,1.6559952359999999,229.07,-1,-1
072232.40,36.012844833333325,129.31902133333332,1.6606252320000001,230.54,-1,-1
072232.50,36.012843833333335,129.31901983333333,1.7022951960000001,229.17,-1,-1
072232.60,36.01284266666667,129.31901850000003,1.732132948,228.04,-1,-1
072232.70,36.012841833333326,129.31901716666667,1.684289656,230.20,-1,-1
072232.80,36.012840833333335,129.31901566666667,1.683775212,230.49,-1,-1
072232.90,36.01284,129.3190143333333,1.632330812,231.12,-1,-1
072233.00,36.01283899999999,129.31901283333335,1.69252076,229.83,-1,-1
072233.10,36.012837833333336,129.31901116666668,1.765057364,229.82,-1,-1
072233.20,36.012837,129.31900983333335,1.7069251920000001,230.96,-1,-1
072233.30,36.01283583333333,129.3190085,1.686861876,229.61,-1,-1
072233.40,36.01283500000001,129.31900716666664,1.6199841560000001,230.23,-1,-1
072233.50,36.012834,129.319006,1.6256430400000002,227.84,-1,-1
072233.60,36.01283299999999,129.31900466666664,1.6611396760000001,226.69,-1,-1
072233.70,36.01283200000001,129.3190035,1.589117516,228.02,-1,-1
072233.80,36.012831166666665,129.31900233333332,1.519667576,228.56,-1,-1
072233.90,36.01283033333333,129.31900100000001,1.5356153399999999,227.99,-1,-1
072234.00,36.012829333333336,129.31899983333332,1.53304312,227.35,-1,-1
072234.10,36.01282833333333,129.31899833333333,1.6076375,227.51,-1,-1
072234.20,36.012827333333334,129.31899683333336,1.658567456,228.19,-1,-1
072234.30,36.01282616666666,129.31899566666667,1.6616541200000001,227.30,-1,-1
072234.40,36.012825166666666,129.31899433333336,1.662168564,226.67,-1,-1
072234.50,36.01282416666667,129.31899316666667,1.611753052,224.75,-1,-1
072234.60,36.01282283333333,129.31899183333337,1.6956074239999999,223.00,-1,-1
072234.70,36.01282183333334,129.31899049999998,1.7007518640000001,224.68,-1,-1
072234.80,36.012820999999995,129.31898933333332,1.601464172,226.51,-1,-1
072234.90,36.012820166666664,129.31898816666663,1.546418664,226.55,-1,-1
072235.00,36.01281916666667,129.31898683333333,1.5561931,225.90,-1,-1
072235.10,36.012817999999996,129.31898533333333,1.668341892,226.83,-1,-1
072235.20,36.012817166666665,129.31898383333333,1.6714285560000002,229.44,-1,-1
072235.30,36.01281616666667,129.31898250000003,1.675029664,229.80,-1,-1
072235.40,36.01281516666667,129.31898099999998,1.675029664,229.87,-1,-1
072235.50,36.01281433333334,129.31897983333332,1.603521948,228.93,-1,-1
072235.60,36.012813333333334,129.31897833333332,1.643134136,228.57,-1,-1
072235.70,36.01281216666667,129.31897666666666,1.742936272,230.39,-1,-1
072235.80,36.01281149999999,129.3189751666667,1.6693707800000002,233.96,-1,-1
072235.90,36.012811,129.318974,1.532014232,235.55,-1,-1
072236.00,36.01281016666667,129.31897283333336,1.511950916,233.52,-1,-1
072236.10,36.01280916666667,129.31897116666664,1.601978616,232.99,-1,-1
072236.20,36.01280833333334,129.31896933333334,1.683775212,235.45,-1,-1
072236.30,36.01280783333333,129.31896783333332,1.5942619560000002,240.72,-1,-1
072236.40,36.01280750000001,129.31896633333332,1.524812016,244.56,-1,-1
072236.50,36.01280750000001,129.3189651666667,1.3617332679999998,250.03,-1,-1
072236.60,36.01280783333333,129.3189645,1.063870192,255.03,-1,-1
072236.70,36.01280833333334,129.318963,1.118401256,267.79,-1,-1
072236.80,36.01280966666666,129.3189605,1.506292032,284.47,-1,-1
072236.90,36.012811166666665,129.31895850000004,1.7882073440000001,296.97,-1,-1
072237.00,36.01281283333333,129.31895616666668,2.030510468,303.02,-1,-1
072237.10,36.01281433333334,129.3189535,2.314483556,303.38,-1,-1
072237.20,36.01281633333333,129.318951,2.566046672,307.38,-1,-1
072237.30,36.01281883333334,129.31894933333334,2.675623244,314.46,-1,-1
072237.40,36.01282166666666,129.31894683333334,3.037277376,318.43,-1,-1
072237.50,36.01282466666666,129.31894349999996,3.471468112,317.89,-1,-1
072237.60,36.0128275,129.31893966666667,3.821804476,315.93,-1,-1
072237.70,36.01283033333333,129.31893700000003,3.8958844120000005,317.52,-1,-1
072237.80,36.01283366666667,129.31893433333332,3.99465766,320.67,-1,-1
072237.90,36.01283733333333,129.31893083333335,4.349109576,321.28,-1,-1
072238.00,36.012841333333334,129.318927,4.6711515200000004,321.18,-1,-1
072238.10,36.012845000000006,129.31892316666665,4.8887613320000005,320.72,-1,-1
072238.20,36.0128485,129.31891933333333,4.99267902,319.89,-1,-1
072238.30,36.012852166666676,129.31891633333336,4.928887964,321.58,-1,-1
072238.40,36.01285633333334,129.31891266666668,5.184052188,322.48,-1,-1
072238.50,36.012860833333335,129.31890833333335,5.5045508,322.39,-1,-1
072238.60,36.01286483333333,129.31890383333334,5.655282892000001,320.61,-1,-1
072238.70,36.01286866666666,129.31889883333335,5.806014984,318.62,-1,-1
072238.90,36.012877333333336,129.31889033333334,6.051919216,320.54,-1,-1
072239.00,36.012882,129.31888633333332,6.136802476000001,321.73,-1,-1
072239.10,36.012886333333334,129.31888116666664,6.2664423639999995,319.86,-1,-1
072239.20,36.01289033333334,129.31887566666668,6.389908924,317.86,-1,-1
072239.30,36.0128945,129.31887183333333,6.216541296,319.16,-1,-1
072239.40,36.012899166666664,129.31886783333334,6.223229068,320.76,-1,-1
072239.50,36.012904000000006,129.31886350000002,6.340007856,321.60,-1,-1
072239.60,36.0129085,129.31885883333337,6.3662445000000005,320.92,-1,-1
072239.70,36.01291266666666,129.318853,6.578709872,318.23,-1,-1
072239.80,36.01291683333333,129.31884883333333,6.420775564,318.90,-1,-1
072239.90,36.01292133333333,129.31884466666668,6.336921192,319.91,-1,-1
072240.00,36.01292600000001,129.31884016666666,6.40225558,320.53,-1,-1
072240.10,36.012930833333336,129.31883549999998,6.485595507999999,320.82,-1,-1
072240.20,36.0129355,129.31883000000002,6.701147544,319.50,-1,-1
072240.30,36.012939833333334,129.318825,6.701661988,319.10,-1,-1
072240.40,36.01294433333333,129.31882116666665,6.432607776,320.35,-1,-1
072240.50,36.01294849999999,129.318817,6.372417828000001,320.56,-1,-1
072240.60,36.012953166666655,129.31881216666667,6.450613316,320.05,-1,-1
072240.70,36.012957666666665,129.31880733333333,6.455243312,319.90,-1,-1
072240.80,36.01296216666667,129.31880199999998,6.5998020760000005,318.82,-1,-1
072240.90,36.012966166666665,129.31879733333332,6.515947704,318.07,-1,-1
072241.00,36.01297016666667,129.31879366666666,6.168698004,318.97,-1,-1
072241.10,36.012974,129.31879016666664,5.94954486,319.94,-1,-1
072241.20,36.0129785,129.31878666666665,6.047289220000001,322.11,-1,-1
072241.30,36.012983166666665,129.31878233333336,6.093074736,322.69,-1,-1
072241.40,36.012986999999995,129.31877833333334,5.890898244000001,321.71,-1,-1
072241.50,36.01299083333334,129.318774,5.817332752,320.34,-1,-1
072241.60,36.0129945,129.3187705,5.7684605719999995,320.65,-1,-1
072241.70,36.01299866666667,129.31876849999998,5.439216412,324.53,-1,-1
072241.90,36.01300483333333,129.31876250000002,4.748832564,322.57,-1,-1
072242.00,36.0130085,129.31876083333336,4.624337116,326.62,-1,-1
072242.10,36.01301183333334,129.31875816666664,4.4370795,327.05,-1,-1
072242.20,36.01301466666666,129.31875533333334,4.3033240600000005,325.67,-1,-1
072242.30,36.0130175,129.31875300000002,4.229758568,325.01,-1,-1
072242.40,36.013019666666665,129.31875183333335,3.774990072,326.18,-1,-1
072242.50,36.01302133333334,129.3187496666667,3.373723752,323.34,-1,-1
072242.60,36.01302316666667,129.3187485,2.967312992,324.42,-1,-1
072242.80,36.01302616666667,129.31874683333334,2.1740403440000002,330.44,-1,-1
072242.90,36.01302783333333,129.31874583333334,2.103561516,331.25,-1,-1
072243.00,36.01302933333333,129.3187453333333,1.92659278,334.33,-1,-1
072243.10,36.01303083333333,129.31874549999998,1.891610588,341.23,-1,-1
072243.20,36.01303216666667,129.31874583333334,1.7022951960000001,346.66,-1,-1
072243.30,36.01303266666666,129.31874633333337,1.315433308,351.88,-1,-1
072243.40,36.013033,129.31874683333334,1.056667976,357.12,-1,-1
072243.50,36.01303349999999,129.3187475,0.930114752,5.58,-1,-1
072243.60,36.01303349999999,129.3187478333333,0.678551636,10.77,-1,-1
072243.70,36.013033166666666,129.31874816666667,0.355480804,17.35,-1,-1
072243.80,36.013032833333334,129.3187486666667,0.214008704,38.99,-1,-1
072243.90,36.01303233333333,129.31874933333333,0.260308664,89.39,-1,-1
072244.00,36.01303183333333,129.31874983333333,0.374000788,122.11,-1,-1
072244.10,36.01303166666666,129.31875083333333,0.45888404800000004,119.52,-1,-1
072244.20,36.013031500000004,129.31875166666666,0.532963984,110.68,-1,-1
072244.30,36.01303133333334,129.31875266666665,0.614246136,106.75,-1,-1
072244.40,36.013030666666666,129.31875383333335,0.775267108,114.22,-1,-1
072244.50,36.013029833333334,129.31875516666665,0.98258804,124.16,-1,-1
072244.60,36.013028500000004,129.31875649999998,1.212030064,132.91,-1,-1
072244.70,36.01302716666667,129.31875749999998,1.3282944079999999,140.20,-1,-1
072244.80,36.013026,129.31875816666664,1.3761377,145.03,-1,-1
072244.90,36.01302483333333,129.3187585,1.3493866120000002,151.58,-1,-1
072245.00,36.01302366666666,129.31875883333333,1.351958832,156.24,-1,-1
072245.10,36.01302233333334,129.3187595,1.400316568,158.15,-1,-1
072245.20,36.01302133333334,129.31876016666666,1.360189936,156.77,-1,-1
072245.30,36.01302016666667,129.318761,1.4162643320000001,154.04,-1,-1
072245.40,36.013019,129.31876216666666,1.4821131639999998,150.24,-1,-1
072245.50,36.0130175,129.3187635,1.6580530119999999,148.71,-1,-1
072245.60,36.013015499999995,129.3187648333333,1.891096144,150.86,-1,-1
072245.70,36.013013666666666,129.31876583333334,1.9872971720000001,153.84,-1,-1
072245.80,36.01301183333334,129.31876666666668,2.0258804720000003,155.98,-1,-1
072245.90,36.01300966666667,129.31876733333334,2.117965948,159.09,-1,-1
072246.00,36.01300766666667,129.31876816666667,2.188444776,160.08,-1,-1
072246.10,36.01300616666666,129.31876883333334,2.093272636,160.06,-1,-1
072246.20,36.01300416666666,129.31876949999997,2.137000376,160.95,-1,-1
072246.30,36.0130025,129.3187705,2.092758192,160.67,-1,-1
072246.40,36.01300066666667,129.3187711666667,2.105104848,161.30,-1,-1
072246.50,36.01299833333333,129.31877199999997,2.2136525320000002,163.00,-1,-1
072246.60,36.012995833333335,129.318773,2.378789056,163.45,-1,-1
072246.70,36.012994166666665,129.31877333333333,2.298535792,164.81,-1,-1
072246.80,36.0129925,129.31877383333332,2.207993648,164.38,-1,-1
072246.90,36.01299083333334,129.31877483333332,2.14008704,161.60,-1,-1
072247.00,36.01298966666667,129.31877566666665,1.973407184,158.80,-1,-1
072247.10,36.012988166666666,129.31877649999998,1.932766108,157.34,-1,-1
072247.20,36.012986500000004,129.31877766666668,2.0135338160000003,155.11,-1,-1
072247.30,36.01298516666667,129.31877866666667,1.88029282,152.94,-1,-1
072247.40,36.01298416666666,129.31877933333334,1.719271848,152.23,-1,-1
072247.50,36.012983500000004,129.31878016666667,1.5428175560000001,147.15,-1,-1
072247.60,36.012983,129.31878083333334,1.3807676960000002,142.90,-1,-1
072247.70,36.0129825,129.31878183333333,1.2989711,137.85,-1,-1
072247.80,36.0129825,129.31878266666666,1.207400068,128.31,-1,-1
072247.90,36.01298266666667,129.31878266666666,0.89513256,123.77,-1,-1
072248.00,36.0129825,129.31878283333333,0.759319344,123.14,-1,-1
072248.10,36.01298266666667,129.31878283333333,0.591096156,120.64,-1,-1
072248.20,36.01298266666667,129.31878283333333,0.47740403200000003,116.21,-1,-1
072248.30,36.0129825,129.31878299999997,0.389948552,116.15,-1,-1
072248.40,36.0129825,129.3187831666667,0.317926392,118.36,-1,-1
072248.50,36.01298233333333,129.3187831666667,0.24230312399999998,124.68,-1,-1
072248.60,36.01298216666667,129.3187831666667,0.210407596,129.61,-1,-1
072248.70,36.01298200000001,129.3187831666667,0.187257616,138.80,-1,-1
072248.80,36.01298183333333,129.3187831666667,0.170280964,149.37,-1,-1
072248.90,36.01298183333333,129.31878299999997,0.11729323200000001,160.55,-1,-1
072249.00,36.01298183333333,129.31878299999997,0.10185991200000001,177.72,-1,-1
072249.10,36.01298166666666,129.31878283333333,0.12089434,199.21,-1,-1
072249.20,36.01298166666666,129.31878299999997,0.096715472,,-1,-1
072249.30,36.01298166666666,129.3187831666667,0.08333992800000001,,-1,-1
072249.40,36.0129815,129.3187835,0.081282152,,-1,-1
072249.50,36.0129815,129.3187838333333,0.094657696,,-1,-1
072249.60,36.0129815,129.31878416666666,0.09774436,,-1,-1
072249.70,36.0129815,129.31878450000002,0.129639888,112.90,-1,-1
072249.80,36.012980999999996,129.318785,0.224812028,129.90,-1,-1
072249.90,36.01298,129.31878533333332,0.463514044,157.60,-1,-1
072250.00,36.01297866666666,129.31878516666666,0.74337158,174.93,-1,-1
072250.10,36.012977500000005,129.31878450000002,0.9126236560000001,187.20,-1,-1
072250.20,36.012976833333326,129.31878433333333,0.884329236,192.01,-1,-1
072250.30,36.012976333333334,129.3187846666667,0.7845270999999999,191.64,-1,-1
072250.40,36.01297600000001,129.31878450000002,0.6322516760000001,193.18,-1,-1
072250.50,36.01297583333333,129.31878416666666,0.512900668,198.99,-1,-1
072250.60,36.0129755,129.3187838333333,0.48460624799999996,203.31,-1,-1
072250.70,36.01297516666666,129.3187835,0.4887218,203.60,-1,-1
072250.80,36.012975,129.31878333333333,0.430589628,204.60,-1,-1
072250.90,36.01297466666666,129.31878333333333,0.379145228,201.01,-1,-1
072251.00,36.012974500000006,129.31878333333333,0.34827858800000006,196.41,-1,-1
072251.10,36.012974166666666,129.3187835,0.325128608,187.96,-1,-1
072251.20,36.01297383333333,129.31878366666666,0.330273048,181.38,-1,-1
072251.30,36.012974,129.31878366666666,0.17233874000000002,180.11,-1,-1
072251.40,36.012974166666666,129.31878333333333,0.116264344,,-1,-1
072251.50,36.012973666666674,129.3187838333333,0.196517608,175.64,-1,-1
072251.60,36.01297383333333,129.3187838333333,0.13118322000000002,168.93,-1,-1
072251.70,36.01297383333333,129.3187838333333,0.078709932,,-1,-1
072251.80,36.01297383333333,129.31878400000002,0.067392164,,-1,-1
072251.90,36.012973666666674,129.31878416666666,0.08333992800000001,,-1,-1
072252.00,36.01297383333333,129.31878416666666,0.059675504000000004,,-1,-1
