time,latitude,longitude,enu_x,enu_y,speed,course,ecg,accX,accY,accZ,gyrX,gyrY,gyrZ,eulR,eulP,eulY
2429700,36.01278966666666,129.31898600000002,34.79756303543754,43.23718383190848,1.7000000000000002,246.0,0.0,-1.015625,3.7265625,5.37890625,-1.025390625,-0.18359375,-0.763671875,-0.2421875,-5.53125,2.80859375
2429701,,,,,,,,-1.0078125,4.84375,5.390625,-1.056640625,-0.1953125,-0.9140625,-0.1640625,-4.38671875,2.734375
2429702,,,,,,,,-1.2109375,6.99609375,5.0546875,-1.1953125,-0.177734375,-1.03125,-0.28125,-2.19921875,2.3125
2429703,,,,,,,,-1.1875,8.40625,4.86328125,-1.376953125,-0.166015625,-1.14453125,-0.1640625,-0.7421875,2.0
2429704,,,,,,,,-0.828125,10.53125,4.40625,-1.5546875,-0.19140625,-1.30859375,0.296875,1.4375,1.4296875
2429705,,,,,,,,-0.640625,11.87890625,3.16796875,-1.68359375,-0.248046875,-1.517578125,0.6015625,2.85546875,0.05078125
2429706,,,,,,,,-0.625,12.31640625,2.87890625,-1.734375,-0.275390625,-1.611328125,0.6796875,3.3125,-0.29296875
2429707,,,,,,,,-1.51953125,13.859375,2.84765625,-1.81640625,-0.52734375,-1.734375,0.06640625,5.04296875,-0.63671875
2429708,,,,,,,,-2.0,14.01953125,3.65625,-2.0546875,-0.888671875,-1.478515625,-0.2421875,5.34375,-0.0625
2429709,,,,,,,,-2.4140625,13.2578125,4.38671875,-2.318359375,-1.119140625,-1.16796875,-0.5859375,4.6953125,0.47265625
2429710,36.01278933333333,129.318984,34.617264924360285,43.20019670701241,1.8,251.0,,-2.18359375,11.83984375,4.3984375,-2.2890625,-1.29296875,-0.6328125,0.06640625,1.4765625,-0.140625
2429711,,,,,,,,-1.80078125,9.859375,4.078125,-2.173828125,-1.333984375,-0.50390625,0.02734375,0.59375,-0.37109375
2429712,,,,,,,,-2.55078125,7.03125,3.9375,-1.8515625,-1.470703125,-0.396484375,-1.390625,-2.39453125,-0.33203125
2429713,,,,,,,,-3.2109375,5.7890625,4.25390625,-1.78125,-1.478515625,-0.421875,-2.00390625,-3.8046875,-0.140625
2429714,,,,,,,,-8.21875,-5.32421875,7.5,-1.794921875,-1.623046875,-0.30859375,-10.546875,-19.55859375,9.7421875
2429715,,,,,,,,-13.93359375,-15.69140625,18.734375,-2.005859375,-1.744140625,-0.087890625,-12.26953125,-23.57421875,13.6875
2429716,,,,,,,,-12.125,-17.28125,18.5546875,-2.078125,-1.763671875,0.04296875,-10.5078125,-25.11328125,13.421875
2429717,,,,,,,,-6.19140625,-21.37109375,17.0,-2.1328125,-1.78125,0.259765625,-4.68359375,-29.0859375,11.6953125
2429718,,,,,,,,-5.2578125,-22.68359375,16.390625,-2.048828125,-1.78125,0.287109375,-3.8046875,-30.3515625,11.0078125
2429719,,,,,,,,-5.67578125,-23.26953125,16.24609375,-0.89453125,-1.83984375,0.072265625,-4.33984375,-30.85546875,10.73828125
2429720,36.012789,129.31898266666667,34.49706623282452,43.16320982214294,1.0,247.0,,-8.21875,-20.05859375,15.7734375,-0.181640625,-1.92578125,-0.01171875,-6.9453125,-27.63671875,10.2421875
2429721,,,,,,,,-9.265625,-17.4921875,14.203125,-0.11328125,-2.0234375,-0.2734375,-8.09375,-25.07421875,8.671875
2429722,,,,,,,,-9.1484375,-16.21875,13.7890625,-1.083984375,-2.091796875,-0.84375,-8.0546875,-23.76953125,8.2109375
2429723,,,,,,,,-7.5234375,-16.375,12.53515625,-1.66015625,-2.080078125,-1.19140625,-6.4453125,-23.88671875,6.91015625
2429724,,,,,,,,-6.66015625,-18.1328125,13.03515625,-2.345703125,-1.8984375,-1.38671875,-5.60546875,-25.45703125,7.17578125
2429725,,,,,,,,-7.35546875,-15.76171875,13.234375,-2.326171875,-1.923828125,-0.68359375,-6.37109375,-22.8828125,7.140625
2429726,,,,,,,,-6.73828125,-10.96875,11.8046875,-2.216796875,-1.978515625,0.044921875,-5.91015625,-17.91015625,5.4921875
2429727,,,,,,,,-5.8671875,-9.546875,11.78515625,-2.1875,-2.0859375,0.1953125,-5.2578125,-16.296875,5.26171875
2429728,,,,,,,,-5.09375,-8.26953125,11.9609375,-2.171875,-2.123046875,0.13671875,-4.5703125,-14.95703125,5.375
2429729,,,,,,,,-4.140625,-6.203125,11.859375,-2.078125,-2.193359375,0.03125,-3.765625,-12.77734375,5.1484375
2429730,36.01278966666666,129.3189808333333,34.33179254190832,43.237181999209454,1.5,276.0,,-3.71484375,-4.01171875,11.5,-1.82421875,-2.2421875,0.09375,-3.49609375,-10.46875,4.6875
2429731,,,,,,,,-3.8203125,-1.65625,10.89453125,-1.677734375,-2.2578125,0.16015625,-3.6875,-8.0625,4.03515625
2429732,,,,,,,,-3.44140625,2.40234375,8.5625,-1.302734375,-2.181640625,0.375,-3.65234375,-3.84765625,1.5859375
2429733,,,,,,,,-3.15625,6.35546875,8.73828125,-1.345703125,-2.115234375,0.451171875,-3.4609375,0.13671875,1.73828125
2429734,,,,,,,,-0.91796875,10.28125,9.0,-1.599609375,-1.759765625,0.80859375,-1.58203125,4.23828125,1.890625
2429735,,,,,,,,-0.41015625,10.0,8.6015625,-1.671875,-1.671875,0.986328125,-1.16015625,4.01171875,1.46875
2429736,,,,,,,,0.16015625,9.28515625,8.04296875,-1.576171875,-1.484375,1.30859375,-0.77734375,3.39453125,0.85546875
2429737,,,,,,,,0.41796875,4.890625,6.51953125,-1.25,-1.27734375,1.328125,-0.69921875,-0.8984375,-0.71484375
2429738,,,,,,,,-0.34765625,1.40625,6.296875,-1.00390625,-1.173828125,1.19921875,-1.54296875,-4.34375,-0.9453125
2429739,,,,,,,,-2.0546875,-1.5234375,7.02734375,-0.552734375,-0.927734375,0.8671875,-3.3828125,-7.21875,-0.21484375
2429740,36.01279133333333,129.31897833333332,34.106419006988986,43.42211318481107,2.7,297.0,,-2.44140625,-1.73046875,7.43359375,-0.302734375,-0.75390625,0.619140625,-3.87890625,-7.40625,0.20703125
2429741,,,,,,,,0.08203125,-0.828125,12.87109375,-0.66796875,-0.837890625,-0.154296875,-1.54296875,-6.45703125,5.68359375
2429742,,,,,,,,1.4140625,-1.5703125,15.3515625,-0.685546875,-0.880859375,-0.408203125,-0.2421875,-7.1796875,8.17578125
2429743,,,,,,,,1.9375,-2.734375,14.1953125,-0.583984375,-0.89453125,-0.904296875,0.2578125,-8.328125,7.0234375
2429744,,,,,,,,1.9453125,-3.15625,13.765625,-0.4765625,-0.861328125,-1.078125,0.2578125,-8.75390625,6.6015625
2429745,,,,,,,,2.234375,-4.22265625,13.359375,-0.314453125,-0.783203125,-1.30078125,0.5625,-9.82421875,6.21875
2429746,,,,,,,,2.35546875,-5.46875,12.953125,-0.48046875,-0.703125,-1.763671875,0.71484375,-11.62890625,5.56640625
2429747,,,,,,,,2.2109375,-6.06640625,12.74609375,-0.41015625,-0.623046875,-1.97265625,0.6015625,-11.6953125,5.64453125
2429748,,,,,,,,2.453125,-5.23046875,14.41015625,-0.041015625,-0.4921875,-1.994140625,0.90625,-10.890625,7.33203125
2429749,,,,,,,,3.41015625,-3.64453125,16.19921875,0.384765625,-0.447265625,-1.873046875,1.94140625,-9.359375,9.16796875
2429750,36.012792833333336,129.31897666666666,33.95616982241029,43.58855146022044,2.1,303.0,,4.8125,-3.90234375,15.01171875,0.578125,-0.40234375,-1.951171875,3.4375,-9.70703125,8.05859375
2429751,,,,,,,,6.7109375,-5.54296875,13.59375,0.625,-0.326171875,-1.873046875,5.4296875,-11.4296875,6.71875
2429752,,,,,,,,7.734375,-6.7265625,13.58984375,0.603515625,-0.251953125,-1.837890625,6.5,-12.65625,6.75390625
2429753,,,,,,,,9.6484375,-10.6640625,14.9375,0.787109375,0.234375,-1.5234375,8.5703125,-16.71875,8.2109375
2429754,,,,,,,,8.75,-12.6484375,15.3515625,0.916015625,0.455078125,-1.267578125,7.7265625,-18.75390625,8.671875
2429755,,,,,,,,7.67578125,-13.625,15.41015625,1.052734375,0.826171875,-0.8359375,6.76953125,-19.82421875,8.82421875
2429756,,,,,,,,5.38671875,-8.828125,13.0,0.75,1.205078125,-0.373046875,4.69921875,-15.1875,6.6015625
2429757,,,,,,,,5.265625,-8.25,12.73828125,0.736328125,1.275390625,-0.3125,4.625,-14.6484375,6.37109375
2429758,,,,,,,,4.80078125,-7.109375,12.6171875,0.716796875,1.361328125,-0.17578125,4.27734375,-13.58203125,6.3359375
2429759,,,,,,,,4.40234375,-6.6953125,12.5390625,0.673828125,1.37109375,-0.140625,3.93359375,-13.19921875,6.296875
2429760,36.012794666666665,129.31897433333333,33.74582108652142,43.79197591802888,2.7,310.0,,3.046875,-5.25390625,12.765625,0.578125,-0.40234375,-1.951171875,3.4375,-9.70703125,8.05859375
2429761,,,,,,,,2.0,-3.03125,13.15625,0.458984375,1.3984375,0.162109375,1.7109375,-9.6328125,7.0625
2429762,,,,,,,,1.734375,-0.59375,13.0859375,0.466796875,1.39453125,0.2734375,1.484375,-7.22265625,7.0234375
2429763,,,,,,,,1.9296875,2.94140625,11.3984375,0.4140625,1.390625,0.458984375,1.75,-3.73046875,5.4140625
2429764,,,,,,,,2.09765625,3.9609375,11.13671875,0.375,1.408203125,0.53515625,1.94140625,-2.734375,5.18359375
2429765,,,,,,,,2.01953125,6.08203125,10.40234375,0.197265625,1.462890625,0.544921875,1.94140625,-0.66796875,4.53125
2429766,,,,,,,,1.765625,7.90625,8.5859375,0.158203125,1.501953125,0.3671875,1.75,1.1328125,2.7734375
2429767,,,,,,,,1.92578125,7.2265625,7.359375,0.140625,1.513671875,0.255859375,1.9375,0.4453125,1.5859375
2429768,,,,,,,,3.44140625,4.4140625,7.984375,-0.076171875,1.478515625,-0.22265625,3.58984375,-2.390625,2.2734375
2429769,,,,,,,,3.96875,3.42578125,8.34375,-0.1953125,1.4140625,-0.34765625,4.1640625,-3.38671875,2.65625
2429770,36.01279666666667,129.31897116666667,33.46034802291528,44.01389330222614,3.7,308.0,,1.8359375,5.40234375,9.23828125,-0.943359375,0.931640625,0.259765625,2.25,-1.35546875,3.5703125
2429771,,,,,,,,0.74609375,7.7734375,5.96875,-1.10546875,0.6953125,0.44140625,1.17578125,1.0546875,0.28125
2429772,,,,,,,,-0.44921875,8.51171875,5.71484375,-1.234375,0.58984375,0.3359375,-0.01171875,1.8203125,0.01171875
2429773,,,,,,,,-1.0,8.5546875,4.875,-1.630859375,0.154296875,-0.703125,-0.5078125,1.98046875,-0.90625
2429774,,,,,,,,1.1640625,6.66015625,3.94921875,-1.80859375,-0.228515625,-1.06640625,1.7109375,0.17578125,-1.90234375
2429775,,,,,,,,3.4921875,0.6953125,3.921875,-2.0859375,-0.544921875,-1.08984375,4.0859375,-5.6875,-2.015625
2429776,,,,,,,,2.85546875,-2.27734375,5.65234375,-2.11328125,-0.65625,-1.078125,3.47265625,-8.59375,-0.33203125
2429777,,,,,,,,-5.890625,-14.0078125,20.41015625,-1.94921875,-0.810546875,-0.908203125,-5.2578125,-20.203125,14.33984375
2429778,,,,,,,,-6.4453125,-21.2578125,21.65234375,-1.390625,-0.990234375,-0.12890625,-5.8359375,-27.33203125,15.48828125
2429779,,,,,,,,-5.29296875,-19.46875,18.8125,-1.548828125,-1.03515625,0.201171875,-4.72265625,-25.4921875,12.6171875
2429780,36.0127985,129.3189685,33.21994960352089,44.21731765924795,3.2,309.0,,-4.328125,-15.67578125,14.890625,-0.943359375,0.931640625,0.259765625,-3.84375,-21.6171875,8.6328125
2429781,,,,,,,,-2.36328125,-10.16015625,11.60546875,-1.0703125,-1.359375,0.728515625,-2.00390625,-16.02734375,5.30078125
2429782,,,,,,,,-1.3203125,-9.953125,10.5390625,-0.515625,-1.568359375,0.388671875,-1.0859375,-15.796875,4.2265625
2429783,,,,,,,,-3.62890625,-8.1328125,13.7578125,-1.578125,-1.8203125,-1.462890625,-3.53515625,-13.88671875,7.40625
2429784,,,,,,,,-4.05859375,-8.2109375,13.7734375,-1.7734375,-1.724609375,-1.208984375,-3.99609375,-13.88671875,7.3671875
2429785,,,,,,,,-4.37109375,-8.12890625,14.07421875,-2.482421875,-1.84375,-0.041015625,-4.37890625,-13.6875,7.59765625
2429786,,,,,,,,0.0390625,-2.39453125,13.41796875,-3.236328125,-2.01171875,1.2109375,-0.125,-7.7890625,6.83203125
2429787,,,,,,,,2.4765625,1.95703125,11.8046875,-3.333984375,-2.03125,1.572265625,2.2109375,-3.34765625,5.1484375
2429788,,,,,,,,3.5078125,2.6328125,9.4296875,-3.0390625,-2.04296875,2.0234375,3.015625,-2.46875,2.65625
2429789,,,,,,,,1.6640625,2.05859375,9.27734375,-2.740234375,-2.103515625,2.15625,1.0625,-2.9609375,2.46484375
2429790,36.012800999999996,129.31896550000002,32.949501212974866,44.49471473554831,3.5,312.0,,-4.35546875,-2.47265625,8.66015625,-2.271484375,-2.2890625,2.1796875,-5.22265625,-7.33203125,1.77734375
2429791,,,,,,,,-12.0,-1.54296875,10.23046875,-2.33203125,-1.98046875,1.822265625,-13.34765625,-6.10546875,3.26953125
2429792,,,,,,,,-13.27734375,-1.4609375,9.37109375,-2.251953125,-1.849609375,1.685546875,-14.71875,-5.953125,2.38671875
2429793,,,,,,,,-14.1015625,-2.5234375,7.4140625,-2.134765625,-1.25390625,1.236328125,-15.71875,-6.875,0.3984375
2429794,,,,,,,,-10.94921875,-3.7578125,7.7265625,-1.9609375,-0.8671875,0.60546875,-12.7265625,-7.90625,0.6640625
2429795,,,,,,,,-4.7578125,-1.0546875,11.07421875,-1.400390625,-0.68359375,-0.248046875,-6.6015625,-5.109375,3.99609375
2429796,,,,,,,,-1.875,0.03125,11.8046875,-0.962890625,-0.54296875,-0.484375,-3.7265625,-4.0,4.7265625
2429797,,,,,,,,3.3125,3.296875,10.78515625,-0.201171875,-0.3515625,-0.46875,1.4453125,-0.7421875,3.7265625
2429798,,,,,,,,3.50390625,3.86328125,8.0625,0.3515625,-0.30859375,-0.41796875,1.6328125,-0.20703125,1.046875
2429799,,,,,,,,4.0703125,4.8671875,6.421875,0.666015625,-0.2734375,-0.560546875,2.21484375,0.75,-0.5625
2429800,36.01280383333334,129.31896233333333,32.6640278489847,44.809098177970284,4.3,315.0,0.0,2.24609375,5.99609375,5.39453125,0.3125,-0.37109375,-1.15625,0.41015625,1.74609375,-1.48046875
2429801,,,,,,,,-1.84765625,5.55859375,6.40625,0.619140625,-0.244140625,-1.03515625,-3.65234375,1.24609375,-0.40625
2429802,,,,,,,,-3.9921875,-0.7890625,9.4609375,1.44140625,-0.142578125,-1.0625,-5.76171875,-5.2265625,2.734375
2429803,,,,,,,,-3.05078125,-3.97265625,11.2421875,1.744140625,-0.07421875,-1.08203125,-4.80078125,-8.4765625,4.5703125
2429804,,,,,,,,1.0703125,-13.07421875,20.42578125,1.884765625,0.11328125,-0.8359375,-0.625,-17.75390625,13.87890625
2429805,,,,,,,,3.71484375,-20.9375,20.30078125,1.759765625,0.34375,-0.171875,2.05859375,-25.7578125,13.87890625
2429806,,,,,,,,7.24609375,-21.35546875,20.09375,2.171875,0.865234375,0.880859375,5.62109375,-26.33203125,13.8046875
2429807,,,,,,,,9.49609375,-13.2109375,17.05859375,2.205078125,1.2109375,1.28125,7.87890625,-18.33203125,10.89453125
2429808,,,,,,,,10.171875,-11.1953125,15.72265625,1.97265625,1.2734375,0.888671875,8.5703125,-16.375,9.62890625
2429809,,,,,,,,11.48828125,-8.87890625,15.2890625,1.96875,1.66796875,-0.55859375,10.0234375,-13.578125,9.0546875
2429810,36.012806999999995,129.31895983333334,32.43865377387229,45.16046826260981,3.9000000000000004,320.0,,2.24609375,5.99609375,5.39453125,2.337890625,1.779296875,-1.07421875,8.0703125,-13.58203125,8.6328125
2429811,,,,,,,,8.0859375,-8.12890625,14.51171875,2.703125,1.7109375,-0.978515625,5.3515625,-13.84765625,9.28515625
2429812,,,,,,,,0.98828125,-6.74609375,15.703125,2.740234375,1.572265625,-0.25,-0.08984375,-12.58203125,10.203125
2429813,,,,,,,,0.93359375,-6.67578125,15.609375,2.69140625,1.513671875,0.216796875,-1.3515625,-12.04296875,9.4375
2429814,,,,,,,,-1.2421875,-4.3671875,11.35546875,2.46875,1.375,1.078125,-2.2734375,-7.4453125,3.19140625
2429815,,,,,,,,-0.890625,1.4296875,7.15625,2.548828125,1.3515625,1.587890625,-1.046875,-4.23046875,1.73828125
2429816,,,,,,,,2.51171875,2.75,5.95703125,2.779296875,1.615234375,1.46484375,1.51953125,-3.66015625,1.23828125
2429817,,,,,,,,9.26953125,-0.01171875,3.25390625,2.154296875,1.98828125,1.07421875,8.26171875,-6.64453125,-1.05859375
2429818,,,,,,,,10.6328125,-0.5,2.79296875,1.982421875,2.09375,0.85546875,9.640625,-7.1796875,-1.44140625
2429819,,,,,,,,11.58203125,-0.0625,2.4609375,1.962890625,2.12890625,0.3984375,10.6328125,-6.8359375,-1.59375
2429820,36.01281016666667,129.31895649999998,32.13815546158645,45.51183807948014,4.7,319.0,,5.0078125,1.9765625,6.6328125,2.337890625,1.779296875,-1.07421875,4.125,-4.88671875,2.734375
2429821,,,,,,,,0.42578125,3.05859375,12.16015625,1.8203125,1.607421875,-0.142578125,-0.39453125,-3.88671875,8.44140625
2429822,,,,,,,,0.5859375,3.26953125,11.56640625,0.658203125,1.435546875,-0.171875,-0.1640625,-3.73046875,7.9765625
2429823,,,,,,,,2.21484375,5.4609375,7.390625,-0.5859375,1.130859375,-0.029296875,1.51953125,-1.546875,3.84375
2429824,,,,,,,,2.23828125,6.484375,6.2890625,-0.88671875,1.015625,0.009765625,1.55859375,-0.515625,2.73828125
2429825,,,,,,,,2.8515625,8.68359375,3.9609375,-0.705078125,0.916015625,-0.3515625,2.21484375,1.70703125,0.3984375
2429826,,,,,,,,3.53125,8.828125,4.2578125,-0.37890625,0.630859375,-1.36328125,5.078125,3.890625,1.31640625
2429827,,,,,,,,5.58984375,10.859375,4.85546875,-0.73828125,0.412109375,-1.70703125,4.890625,5.421875,1.73828125
2429828,,,,,,,,4.63671875,14.94921875,6.234375,-1.18359375,0.23828125,-1.466796875,4.6953125,4.19921875,1.96875
2429829,,,,,,,,4.94921875,11.13671875,5.5234375,-1.5,-0.048828125,-0.95703125,6.078125,0.21484375,0.6640625
2429830,36.012813333333334,129.31895283333333,31.807607478414006,45.86320779702249,4.7,317.0,,5.0078125,1.9765625,6.6328125,2.337890625,1.779296875,-1.07421875,2.05859375,-15.796875,7.71484375
2429831,,,,,,,,-2.765625,-17.61328125,18.94921875,-2.32421875,-0.755859375,0.546875,-6.37109375,-33.109375,19.3203125
2429832,,,,,,,,-5.4609375,-34.515625,20.91796875,-1.763671875,-0.89453125,1.115234375,-3.61328125,-47.63671875,6.52734375
2429833,,,,,,,,-5.58203125,-38.9765625,11.51953125,-0.9296875,-1.3359375,1.76171875,-5.87109375,-37.25,9.55078125
2429834,,,,,,,,-1.12109375,-22.91015625,9.99609375,0.66015625,-1.30078125,2.240234375,1.13671875,-21.19921875,1.890625
2429835,,,,,,,,-0.00390625,-11.625,6.4140625,0.08203125,-1.33203125,1.67578125,-1.0078125,-16.640625,3.1171875
2429836,,,,,,,,0.234375,-7.87109375,9.9296875,-3.39453125,-1.486328125,-0.1640625,-2.69140625,-14.0,7.90625
2429837,,,,,,,,-4.55078125,-6.9765625,13.3828125,-4.638671875,-2.0390625,-2.05078125,-6.63671875,-13.265625,10.08984375
2429838,,,,,,,,-5.6953125,-4.625,11.68359375,-4.666015625,-2.8125,-0.96484375,-6.21875,-9.59375,6.44921875
2429839,,,,,,,,-4.671875,0.28515625,8.23046875,-4.83203125,-3.150390625,1.228515625,-5.6796875,-5.87890625,3.76953125
2429840,36.01281633333333,129.31894933333334,31.492084434998667,46.19608437533066,4.4,317.0,,-2.1484375,4.97265625,8.0859375,2.337890625,1.779296875,-1.07421875,2.05859375,-15.796875,7.71484375
2429841,,,,,,,,-2.90234375,8.4375,7.484375,-3.330078125,-3.00390625,2.1953125,-4.45703125,2.6640625,2.6953125
2429842,,,,,,,,-2.60546875,9.03125,5.38671875,-3.076171875,-3.111328125,1.921875,-4.41796875,3.4296875,0.51171875
2429843,,,,,,,,-4.69140625,7.28515625,3.83203125,-2.720703125,-3.015625,1.73828125,-6.75,1.82421875,-1.09765625
2429844,,,,,,,,-9.8359375,-1.16015625,4.4765625,-2.302734375,-2.671875,1.47265625,-12.1171875,-6.48828125,-0.484375
2429845,,,,,,,,-13.2578125,-8.47265625,6.0625,-1.771484375,-1.859375,1.3125,-15.72265625,-13.69140625,1.0859375
2429846,,,,,,,,-12.796875,-10.08984375,6.26171875,-1.580078125,-1.4609375,1.314453125,-15.3359375,-15.26171875,1.27734375
2429847,,,,,,,,-8.7265625,-8.60546875,6.66015625,-1.63671875,-0.708984375,1.23046875,-11.390625,-13.69140625,1.66015625
2429848,,,,,,,,-2.71484375,-5.16015625,8.875,-1.8359375,-0.251953125,1.109375,-5.44921875,-10.1640625,3.84375
2429849,,,,,,,,4.9609375,-3.8203125,13.55078125,-0.86328125,-0.001953125,0.970703125,2.171875,-8.75,8.48046875
2429850,36.012820166666664,129.3189455,31.146511389822248,46.62142688935105,5.4,319.0,,4.59375,3.61328125,6.26953125,1.107421875,-0.294921875,0.140625,2.05859375,-15.796875,7.71484375
2429851,,,,,,,,5.59765625,5.62109375,2.8203125,1.11328125,-0.513671875,-0.771484375,2.7421875,0.55859375,-2.0546875
2429852,,,,,,,,6.30078125,6.09765625,1.69921875,0.44921875,-0.69140625,-1.47265625,3.46875,0.98046875,-3.12890625
2429853,,,,,,,,4.921875,7.171875,1.0390625,-0.359375,-0.677734375,-2.412109375,2.171875,1.9765625,-3.7421875
2429854,,,,,,,,-1.26171875,7.2265625,2.6953125,1.0625,-0.2421875,-1.94921875,-3.9140625,1.9375,-2.015625
2429855,,,,,,,,-7.03515625,7.64453125,5.84765625,2.607421875,-0.150390625,-0.794921875,-9.5859375,2.12890625,1.35546875
2429856,,,,,,,,-9.1953125,3.69140625,8.05859375,2.525390625,0.0,-0.6796875,-11.734375,-1.89453125,3.65234375
2429857,,,,,,,,8.37890625,-8.4765625,16.8203125,2.078125,0.576171875,-0.65234375,5.92578125,-14.26953125,12.65625
2429858,,,,,,,,7.7421875,-17.37109375,18.10546875,1.94140625,1.0546875,-0.3359375,5.3515625,-23.26953125,14.07421875
2429859,,,,,,,,7.81640625,-21.21484375,14.9296875,2.375,1.3515625,-0.11328125,5.46484375,-27.171875,10.96875
2429860,36.01282416666666,129.31894233333333,30.86103770445987,47.06526283583727,5.1000000000000005,323.0,,14.98828125,-32.07421875,6.296875,3.712890625,2.228515625,1.01953125,12.70703125,-38.24609375,2.65625
2429861,,,,,,,,22.3046875,-25.8515625,4.46484375,1.84375,2.513671875,0.427734375,20.0625,-32.12109375,0.97265625
2429862,,,,,,,,12.8046875,-11.83203125,5.6640625,2.25390625,2.78125,-0.208984375,10.6015625,-18.13671875,2.234375
2429863,,,,,,,,7.55859375,-3.69140625,9.40625,4.548828125,3.1953125,-0.78125,5.50390625,-10.16796875,6.1796875
2429864,,,,,,,,0.0078125,4.16796875,14.08984375,3.591796875,2.111328125,-0.21484375,-1.8515625,-2.54296875,11.27734375
2429865,,,,,,,,-3.125,5.6171875,11.21875,0.23828125,1.01953125,-0.60546875,-4.9140625,-1.1640625,8.5546875
2429866,,,,,,,,-3.05078125,5.74609375,7.61328125,-0.458984375,1.197265625,-0.591796875,-4.80078125,-1.05078125,4.95703125
2429867,,,,,,,,-2.66796875,8.375,3.05859375,1.220703125,1.251953125,1.244140625,-4.37890625,1.5546875,0.43359375
2429868,,,,,,,,-3.1484375,11.59375,-1.76953125,3.515625,1.287109375,2.234375,-4.95703125,4.734375,-4.19921875
2429869,,,,,,,,-2.50390625,12.046875,-2.859375,4.068359375,1.521484375,2.28515625,-4.37890625,5.15625,-5.15625
2429870,36.012828,129.31893866666667,30.53048957151207,47.49060542765134,5.4,323.0,,4.578125,3.10546875,-0.64453125,3.712890625,2.228515625,1.01953125,2.59375,-3.84375,-2.62890625
2429871,,,,,,,,13.671875,-8.453125,2.13671875,1.9296875,2.5625,0.810546875,11.6328125,-15.453125,0.43359375
2429872,,,,,,,,11.65234375,-10.46875,4.03515625,1.197265625,2.462890625,0.921875,9.60546875,-17.484375,2.42578125
2429873,,,,,,,,10.1875,-10.7734375,10.01171875,1.5,2.216796875,1.1953125,8.0703125,-17.79296875,8.51953125
2429874,,,,,,,,10.46484375,1.69140625,16.56640625,2.69921875,2.095703125,0.779296875,8.30078125,-5.33984375,15.21875
2429875,,,,,,,,9.19140625,11.98828125,7.61328125,2.76953125,2.16796875,-0.19921875,7.03515625,4.92578125,6.44921875
2429876,,,,,,,,9.31640625,12.1640625,4.83984375,2.3828125,2.044921875,-0.935546875,7.1875,5.078125,3.76953125
2429877,,,,,,,,6.9375,13.515625,0.59375,-0.93359375,1.3125,-3.26953125,4.96875,6.38671875,-0.40625
2429878,,,,,,,,6.59375,12.95703125,1.0703125,-3.234375,0.0546875,-4.74609375,4.9296875,5.765625,-0.0625
2429879,,,,,,,,5.890625,7.35546875,5.79296875,-2.388671875,-0.029296875,-3.537109375,4.55078125,0.13671875,4.49609375
2429880,36.012832,129.3189345,30.154866868123744,47.93444108553009,5.6000000000000005,321.0,,-10.1640625,-35.203125,18.3515625,3.712890625,2.228515625,1.01953125,-11.2734375,-42.42578125,16.90625
2429881,,,,,,,,-12.34765625,-37.82421875,9.0625,-0.927734375,-0.71484375,-0.26953125,-13.41796875,-45.02734375,7.5234375
2429882,,,,,,,,-6.3359375,-8.55078125,9.98828125,0.421875,-0.478515625,-0.140625,-7.40625,-15.7578125,8.48046875
2429883,,,,,,,,-0.85546875,-2.05078125,2.921875,1.826171875,-0.318359375,0.05078125,-1.92578125,-9.28515625,1.46875
2429884,,,,,,,,2.63671875,0.26953125,2.2734375,0.888671875,-0.6015625,1.146484375,1.51953125,-6.98828125,1.0078125
2429885,,,,,,,,4.40234375,-6.7265625,5.69921875,-3.673828125,-1.1640625,0.166015625,3.20703125,-13.96484375,4.37890625
2429886,,,,,,,,2.09765625,-13.8671875,12.6640625,-2.78515625,-1.517578125,-3.046875,1.09765625,-21.0859375,11.046875
2429887,,,,,,,,-1.98828125,-11.046875,7.37890625,-2.453125,-1.865234375,-1.236328125,-2.84765625,-18.25390625,5.64453125
2429888,,,,,,,,-3.2890625,-9.21484375,4.76953125,-2.587890625,-1.8984375,0.177734375,-4.1484375,-16.41015625,2.96484375
2429889,,,,,,,,-4.64453125,1.5390625,3.24609375,-2.69140625,-2.15234375,2.6796875,-5.64453125,-5.609375,1.31640625
2429890,36.012835833333334,129.3189306666667,29.80929395678335,48.35978365354139,5.300000000000001,320.0,,-1.88671875,3.4609375,4.109375,-3.142578125,-2.990234375,2.607421875,-3.26953125,-3.58203125,1.96875
2429891,,,,,,,,-0.65234375,12.21484375,4.49609375,-3.71875,-2.96875,1.72265625,-2.34765625,5.30859375,2.12109375
2429892,,,,,,,,-2.88671875,11.00390625,3.6484375,-3.3125,-2.896484375,1.6484375,-4.7578125,4.19921875,1.125
2429893,,,,,,,,-6.93359375,5.62109375,2.9296875,-2.6953125,-2.650390625,1.80859375,-9.0859375,-1.05078125,0.2421875
2429894,,,,,,,,-13.359375,-2.28515625,3.27734375,-2.51953125,-2.47265625,1.8671875,-15.6015625,-8.90234375,0.55078125
2429895,,,,,,,,-16.19921875,-9.08203125,2.43359375,-2.3359375,-1.966796875,1.60546875,-18.625,-15.60546875,-0.37109375
2429896,,,,,,,,-12.08984375,-13.25390625,3.6640625,-2.642578125,-1.525390625,1.083984375,-14.64453125,-19.70703125,0.78125
2429897,,,,,,,,-9.890625,-11.4609375,5.71875,-2.8515625,-1.365234375,0.8984375,-12.5,-17.8671875,2.7734375
2429898,,,,,,,,0.23046875,-2.4609375,8.1328125,-2.5234375,-0.892578125,0.654296875,-2.46484375,-8.7890625,5.0703125
2429899,,,,,,,,2.8984375,-0.1484375,7.75,-1.892578125,-0.609375,0.544921875,0.1796875,-6.453125,4.6484375
2429900,36.01284016666667,129.31892683333334,29.463720890111944,48.84060585583252,6.0,321.0,0.0,8.26171875,4.1875,6.1640625,-3.142578125,-2.990234375,2.607421875,5.50390625,-2.0859375,3.0390625
2429901,,,,,,,,4.69921875,5.890625,5.22265625,1.208984375,-0.849609375,0.05078125,1.90234375,-0.3984375,2.16015625
2429902,,,,,,,,-0.39453125,5.53125,2.703125,2.572265625,-0.626953125,-0.681640625,-3.19140625,-0.859375,-0.1796875
2429903,,,,,,,,-1.453125,5.921875,2.53515625,2.32421875,-0.537109375,-1.119140625,-4.2265625,-0.515625,-0.25390625
2429904,,,,,,,,-3.73046875,7.640625,2.26953125,-0.0390625,-0.287109375,-1.8359375,-6.3671875,1.0546875,-0.33203125
2429905,,,,,,,,-4.96484375,8.5390625,3.85546875,-0.142578125,-0.109375,-1.7265625,-7.4765625,1.8984375,1.27734375
2429906,,,,,,,,-6.37890625,10.2109375,6.95703125,1.177734375,0.029296875,-1.5,-8.2421875,3.9296875,4.5703125
2429907,,,,,,,,-4.87890625,10.3671875,6.3828125,2.01953125,0.197265625,-1.501953125,-4.1875,0.63671875,0.93359375
2429908,,,,,,,,-1.9453125,7.46484375,3.28515625,2.400390625,0.328125,-1.38671875,-2.578125,-2.046875,-1.3671875
2429909,,,,,,,,1.2109375,1.734375,-0.609375,3.47265625,0.740234375,-0.765625,6.1953125,-13.84375,0.58984375
2429910,36.012844666666666,129.31892316666665,29.133172643848958,49.33992132798498,5.800000000000001,325.0,,8.26171875,4.1875,6.1640625,4.369140625,1.25390625,0.048828125,5.50390625,-2.0859375,3.0390625
2429911,,,,,,,,19.7734375,-29.18359375,21.95703125,4.232421875,1.62890625,0.66796875,13.7421875,-40.51171875,17.63671875
2429912,,,,,,,,13.12890625,-39.1640625,14.08203125,3.5078125,2.0,1.296875,13.2421875,-46.98046875,8.74609375
2429913,,,,,,,,18.28515625,-34.078125,5.4140625,0.708984375,2.19140625,1.640625,11.48046875,-22.234375,1.5859375
2429914,,,,,,,,10.96484375,-9.76171875,2.63671875,0.37109375,1.900390625,0.234375,7.0,-13.421875,2.7734375
2429915,,,,,,,,7.6328125,-4.0,5.48046875,3.955078125,1.923828125,-1.0,0.44921875,-6.375,8.25
2429916,,,,,,,,-1.03515625,4.125,9.15234375,4.04296875,1.224609375,-1.435546875,-3.15234375,-3.15625,8.44140625
2429917,,,,,,,,-1.08203125,5.55859375,7.0234375,1.021484375,0.919921875,-1.537109375,-3.07421875,-1.77734375,6.60546875
2429918,,,,,,,,0.34765625,8.546875,3.58203125,1.849609375,1.193359375,0.267578125,-1.54296875,1.171875,3.26953125
2429919,,,,,,,,-0.83984375,11.12890625,1.14453125,3.447265625,1.009765625,1.68359375,-2.73046875,3.73828125,0.97265625
2429920,36.012848999999996,129.3189195,28.802624498323098,49.82074360499887,5.800000000000001,325.0,,-2.03515625,14.59765625,-2.0703125,3.64453125,1.138671875,1.892578125,5.50390625,-2.0859375,3.0390625
2429921,,,,,,,,2.34375,12.99609375,-2.73046875,2.841796875,1.46875,1.546875,0.140625,5.6875,-2.24609375
2429922,,,,,,,,10.0703125,2.765625,-0.55078125,1.662109375,1.802734375,1.181640625,7.76953125,-4.5,0.08984375
2429923,,,,,,,,19.55078125,-11.7578125,-4.453125,1.001953125,1.478515625,1.2890625,17.11328125,-18.98046875,-3.703125
2429924,,,,,,,,12.46484375,-11.69140625,-0.578125,1.873046875,0.498046875,1.783203125,9.91015625,-18.86328125,0.28125
2429925,,,,,,,,1.55859375,-2.64453125,8.75,3.501953125,0.0390625,1.849609375,-1.12109375,-9.74609375,9.82421875
2429926,,,,,,,,-0.640625,6.01171875,12.125,3.84765625,0.107421875,1.8046875,-3.3828125,-1.05078125,13.34375
2429927,,,,,,,,1.03125,12.0078125,5.9765625,1.92578125,0.388671875,1.248046875,-1.8125,5.0390625,7.4453125
2429928,,,,,,,,2.14453125,15.5625,1.6640625,-1.673828125,0.310546875,-0.37890625,-0.73828125,8.60546875,3.15625
2429929,,,,,,,,7.18359375,15.25,-1.23828125,-3.1796875,0.439453125,-2.3671875,4.39453125,8.22265625,0.08984375
2429930,36.0128535,129.3189155,28.44202664491275,50.320059005367526,6.2,323.0,,10.96484375,11.1640625,-1.7109375,-2.421875,0.0234375,-4.173828125,5.50390625,-2.0859375,3.0390625
2429931,,,,,,,,10.765625,10.58984375,-0.328125,-1.830078125,-0.525390625,-3.86328125,8.53515625,3.31640625,0.703125
2429932,,,,,,,,9.12890625,9.43359375,0.9453125,-0.712890625,-0.16015625,-1.796875,7.11328125,2.08984375,1.9296875
2429933,,,,,,,,8.0234375,0.76171875,1.16015625,-0.80078125,-0.283203125,0.3046875,6.078125,-6.6015625,2.12109375
2429934,,,,,,,,1.94921875,-17.75,9.02734375,-1.70703125,-0.359375,1.26171875,-0.05078125,-25.109375,9.93359375
2429935,,,,,,,,-18.7734375,-50.5078125,23.75,-2.765625,-0.4453125,1.068359375,-20.8515625,-57.86328125,24.53125
2429936,,,,,,,,-12.84375,-51.65625,17.5078125,-2.708984375,-0.53125,0.873046875,-14.953125,-59.01171875,18.2109375
2429937,,,,,,,,5.4375,-28.58984375,6.9453125,-1.82421875,-0.703125,0.794921875,3.28125,-35.94921875,7.5234375
2429938,,,,,,,,15.37109375,-2.74609375,-2.6875,0.671875,-0.94140625,2.140625,13.12890625,-10.08984375,-2.1328125
2429939,,,,,,,,18.7890625,4.99609375,3.875,2.970703125,-0.69921875,3.490234375,16.34765625,-2.27734375,4.6484375
2429940,36.0128575,129.31891116666665,28.0513793244768,50.76389470533904,5.7,321.0,,10.75,-1.5859375,4.2421875,-2.6484375,-0.91015625,-1.6328125,8.1875,-8.83203125,5.109375
2429941,,,,,,,,6.9453125,-0.1328125,-0.48828125,-5.669921875,-1.310546875,-2.6875,4.5859375,-7.48828125,0.12890625
2429942,,,,,,,,5.2734375,10.44140625,-3.27734375,-7.26953125,-1.7890625,-0.5546875,3.0546875,3.01171875,-3.0859375
2429943,,,,,,,,3.1171875,13.47265625,-3.140625,-6.640625,-1.771484375,0.853515625,0.90625,6.03125,-3.1640625
2429944,,,,,,,,-1.0625,16.73046875,-4.0625,-4.291015625,-2.091796875,2.1171875,-3.3828125,9.33203125,-4.4296875
2429945,,,,,,,,-9.33984375,9.39453125,-5.22265625,-2.78515625,-2.51953125,1.94140625,-11.80859375,2.05078125,-5.76953125
2429946,,,,,,,,-17.89453125,2.59765625,-4.81640625,-2.62890625,-2.904296875,1.869140625,-20.50390625,-4.69140625,-5.46484375
2429947,,,,,,,,-24.53515625,-9.359375,-3.98046875,-2.8671875,-2.470703125,1.642578125,-27.28125,-16.6015625,-4.73828125
2429948,,,,,,,,-20.8046875,-17.734375,-2.796875,-3.203125,-1.837890625,1.517578125,-23.609375,-24.953125,-3.625
2429949,,,,,,,,-13.5078125,-20.75,1.98046875,-4.462890625,-1.00390625,1.58203125,-16.484375,-27.87109375,0.81640625
2429950,36.01286183333333,129.3189066666667,27.645707091478112,51.24471678893668,6.300000000000001,319.0,,4.22265625,-4.046875,14.60546875,-3.673828125,-0.712890625,1.220703125,1.13671875,-11.0859375,13.1875
2429951,,,,,,,,9.81640625,5.828125,14.29296875,-0.14453125,-0.40625,0.21484375,6.65234375,-1.1640625,12.7265625
2429952,,,,,,,,6.140625,7.7890625,8.1875,0.71875,-0.40625,0.119140625,2.9765625,0.7890625,6.640625
2429953,,,,,,,,-0.37109375,9.3359375,-0.875,4.4765625,-0.23828125,-1.2265625,-3.4921875,2.2421875,-2.09375
2429954,,,,,,,,-3.78515625,10.2578125,-2.51953125,1.109375,-0.412109375,-2.94921875,-6.75,3.046875,-3.47265625
2429955,,,,,,,,-5.62890625,8.875,-2.2890625,-1.11328125,0.142578125,-3.509765625,-8.359375,1.5546875,-3.2421875
2429956,,,,,,,,-5.8359375,8.421875,-2.75,-1.23828125,0.4140625,-3.20703125,-8.44140625,1.0546875,-3.7421875
2429957,,,,,,,,-4.9140625,7.8125,-1.64453125,-0.490234375,0.216796875,-2.3984375,-7.2890625,0.3671875,-2.70703125
2429958,,,,,,,,-4.92578125,9.16796875,0.078125,0.94921875,0.3828125,-1.77734375,-7.13671875,1.66796875,-0.9453125
2429959,,,,,,,,-4.4453125,9.5703125,3.09375,2.623046875,0.650390625,-1.609375,-6.5234375,2.015625,2.1953125
2429960,36.0128665,129.31890266666667,27.285109302151113,51.76252544535647,6.300000000000001,323.0,,1.0234375,3.42578125,-0.08984375,-3.673828125,-0.712890625,1.220703125,1.13671875,-11.0859375,13.1875
2429961,,,,,,,,28.1640625,-20.76953125,16.578125,4.33984375,1.314453125,-0.826171875,26.3046875,-28.44140625,16.21875
2429962,,,,,,,,26.984375,-28.30859375,21.35546875,4.595703125,1.603515625,-0.576171875,25.15625,-35.98828125,21.16015625
2429963,,,,,,,,13.69921875,-37.09375,9.44921875,4.921875,2.130859375,-0.126953125,11.90234375,-44.796875,9.62890625
2429964,,,,,,,,22.47265625,-23.05859375,-1.35546875,4.0546875,2.64453125,1.05078125,20.63671875,-30.734375,-0.67578125
2429965,,,,,,,,8.86328125,-2.94921875,0.08203125,1.681640625,2.52734375,0.279296875,6.80859375,-10.5859375,0.81640625
2429966,,,,,,,,4.89453125,3.6796875,2.8359375,5.078125,2.306640625,-0.986328125,2.86328125,-3.96484375,3.8046875
2429967,,,,,,,,-5.98828125,10.359375,9.08984375,4.0546875,0.46484375,-1.25,-7.94140625,2.7421875,10.43359375
2429968,,,,,,,,-7.23828125,10.03515625,6.94921875,2.12890625,1.232421875,-0.255859375,-9.125,2.43359375,8.51953125
2429969,,,,,,,,-6.80859375,10.82421875,5.14453125,1.794921875,1.392578125,0.529296875,-8.703125,3.23828125,6.79296875
2429970,36.01287133333334,129.31889883333332,26.93953633808383,52.298827368229325,6.1000000000000005,325.0,,-5.20703125,13.84375,-2.984375,1.73828125,0.875,2.185546875,-7.21484375,6.3046875,-1.2109375
2429971,,,,,,,,-1.203125,13.90234375,-6.3828125,3.111328125,1.3515625,2.9140625,-3.421875,6.453125,-4.4296875
2429972,,,,,,,,2.78515625,10.66015625,-4.8828125,3.294921875,1.693359375,2.611328125,0.44921875,3.2734375,-2.8203125
2429973,,,,,,,,18.28515625,-10.47265625,-2.12109375,2.453125,2.513671875,1.287109375,15.76953125,-17.75,0.12890625
2429974,,,,,,,,22.15234375,-22.35546875,-6.375,0.57421875,2.86328125,0.78515625,19.44921875,-29.55078125,-4.046875
2429975,,,,,,,,16.77734375,-10.7265625,3.6015625,2.0078125,1.3671875,1.794921875,13.89453125,-17.8671875,5.953125
2429976,,,,,,,,2.7890625,10.1640625,6.390625,4.25,0.025390625,2.1484375,-0.2421875,3.1640625,8.98046875
2429977,,,,,,,,1.7421875,14.453125,6.51171875,4.013671875,-0.212890625,2.06640625,-1.3515625,7.53125,9.2421875
2429978,,,,,,,,4.2109375,23.5546875,3.14453125,-4.291015625,0.193359375,-1.7109375,1.0625,16.69140625,5.98828125
2429979,,,,,,,,4.3515625,24.7265625,1.5546875,-6.115234375,-0.103515625,-3.09765625,1.2890625,17.7578125,4.2265625
2429980,36.0128755,129.318894,26.503814611894075,52.7611562059941,6.5,320.0,,2.67578125,22.05078125,-0.59765625,-5.267578125,-0.41015625,-4.298828125,-7.21484375,6.3046875,-1.2109375
2429981,,,,,,,,4.67578125,13.8359375,-1.35546875,-2.17578125,-0.162109375,-4.6171875,2.44140625,6.30859375,0.55078125
2429982,,,,,,,,8.046875,7.47265625,-0.82421875,-1.591796875,-0.607421875,-2.642578125,6.1171875,-0.16796875,0.97265625
2429983,,,,,,,,8.46484375,-2.984375,-0.7265625,-0.705078125,-0.32421875,0.0234375,6.65234375,-10.66796875,1.0078125
2429984,,,,,,,,-10.11328125,-43.4453125,14.72265625,-0.197265625,-0.310546875,1.435546875,-11.96484375,-51.12109375,16.44921875
2429985,,,,,,,,-23.9375,-62.203125,16.13671875,-0.6953125,-0.298828125,1.765625,-25.90625,-69.85546875,17.86328125
2429986,,,,,,,,5.19140625,-34.66015625,0.953125,-1.1171875,-0.3515625,1.791015625,3.16796875,-42.30859375,2.65625
2429987,,,,,,,,14.43359375,-13.16796875,-5.47265625,-1.98046875,-0.59765625,2.0390625,12.28515625,-20.81640625,-3.85546875
2429988,,,,,,,,19.34765625,3.6015625,-1.6171875,-0.958984375,-1.251953125,3.16015625,17.03515625,-4.0390625,-0.1015625
2429989,,,,,,,,21.5703125,7.66796875,0.89453125,0.30078125,-0.94140625,3.462890625,19.14453125,0.05859375,2.42578125
2429990,36.01287966666666,129.31888933333332,26.08311776911336,53.22348511032464,6.0,318.0,,15.109375,5.546875,-1.73046875,-2.546875,-0.705078125,-1.359375,12.55859375,-2.046875,-0.25390625
2429991,,,,,,,,4.57421875,0.5234375,-2.80859375,-6.212890625,-1.66796875,-2.220703125,2.32421875,-7.2578125,-1.78515625
2429992,,,,,,,,0.86328125,5.29296875,-5.03125,-6.09375,-2.21875,-0.466796875,-1.23828125,-2.58203125,-4.4296875
2429993,,,,,,,,-5.9609375,12.6640625,-7.54296875,-6.607421875,-3.162109375,1.8671875,-8.09765625,4.7734375,-7.37890625
2429994,,,,,,,,-8.2890625,12.41796875,-7.84765625,-6.765625,-3.36328125,2.75,-10.51171875,4.54296875,-7.91796875
2429995,,,,,,,,-16.4140625,6.640625,-7.53125,-5.6484375,-3.6484375,3.373046875,-18.859375,-1.1640625,-7.9921875
2429996,,,,,,,,-19.60546875,5.3203125,-7.15234375,-4.322265625,-3.626953125,3.396484375,-22.19140625,-2.4296875,-7.76171875
2429997,,,,,,,,-25.375,-1.484375,-4.75390625,-2.08203125,-2.875,3.322265625,-28.24609375,-9.1328125,-5.50390625
2429998,,,,,,,,-23.34375,-10.1875,-1.42578125,-1.7890625,-2.0859375,3.3046875,-26.33203125,-17.7890625,-2.20703125
2429999,,,,,,,,-0.296875,-26.17578125,0.69921875,-1.916015625,-0.703125,2.76171875,-3.765625,-33.57421875,-0.25390625
2430000,36.012884,129.3188845,25.647396080153296,53.70430720018431,6.5,317.0,0.0,9.71875,-20.4765625,6.125,-2.546875,-0.705078125,-1.359375,6.15625,-27.83203125,5.109375
2430001,,,,,,,,11.23828125,-3.0625,11.7890625,-1.365234375,-0.47265625,0.603515625,7.57421875,-10.359375,10.66796875
2430002,,,,,,,,10.2265625,3.51171875,10.78515625,-0.19921875,-0.40234375,-1.072265625,6.578125,-3.80859375,9.625
2430003,,,,,,,,3.16796875,9.50390625,10.66015625,1.673828125,-0.791015625,-0.97265625,-2.80859375,3.77734375,10.47265625
2430004,,,,,,,,-3.8125,12.41796875,9.36328125,2.216796875,-0.0625,-1.908203125,-7.2890625,4.96484375,8.40234375
2430005,,,,,,,,-8.328125,12.75,4.6015625,-0.439453125,0.064453125,-3.306640625,-12.84765625,5.38671875,1.66015625
2430006,,,,,,,,-12.00390625,14.6953125,-0.890625,-1.693359375,-0.060546875,-3.626953125,-16.10546875,8.06640625,-3.01171875
2430007,,,,,,,,-13.80078125,16.55859375,-2.6640625,-0.611328125,-0.083984375,-3.474609375,-16.484375,9.5234375,-3.47265625
2430008,,,,,,,,-10.7890625,16.76953125,-3.0859375,0.9609375,0.037109375,-2.876953125,-11.46484375,7.4140625,-4.27734375
2430009,,,,,,,,-7.453125,13.55859375,-3.36328125,2.74609375,0.1875,-2.158203125,-7.8203125,2.7421875,-4.46875
2430010,36.012888833333335,129.31888016666664,25.256748785694363,54.24060905954928,6.7,321.0,,3.69140625,-10.72265625,-5.91015625,-2.546875,-0.705078125,-1.359375,6.15625,-27.83203125,5.109375
2430011,,,,,,,,49.71875,-56.5625,19.203125,5.298828125,1.353515625,0.52734375,47.71875,-64.640625,19.28125
2430012,,,,,,,,53.3125,-68.90625,26.73828125,5.26171875,1.5078125,1.037109375,51.28125,-76.98046875,27.01953125
2430013,,,,,,,,14.2890625,-35.15625,1.77734375,5.33984375,1.712890625,2.009765625,12.1328125,-43.1875,2.46484375
2430014,,,,,,,,5.75,-13.859375,-7.421875,5.15234375,1.87109375,2.9609375,3.3984375,-21.81640625,-6.34375
2430015,,,,,,,,8.13671875,4.38671875,-3.98046875,-0.373046875,2.1328125,3.802734375,5.50390625,-3.46484375,-2.70703125
2430016,,,,,,,,2.91796875,13.25,4.32421875,2.5,1.01953125,0.912109375,0.06640625,5.4609375,5.60546875
2430017,,,,,,,,-3.35546875,15.01171875,1.53125,4.484375,1.5078125,-2.478515625,-5.94921875,7.26171875,3.5390625
2430018,,,,,,,,-4.58984375,14.29296875,-5.9296875,0.68359375,1.03515625,-0.873046875,-7.0546875,6.53515625,-3.7421875
2430019,,,,,,,,-4.46875,16.16796875,-8.01953125,0.7421875,1.267578125,0.240234375,-6.9453125,8.40625,-5.80859375
2430020,36.01289383333334,129.31887583333335,24.866101489020096,54.795404143367925,6.4,323.0,,-1.9921875,17.609375,-8.7265625,2.158203125,2.1328125,1.5,-4.5703125,9.90625,-6.421875
2430021,,,,,,,,4.33984375,13.00390625,-5.47265625,2.048828125,1.958984375,1.6015625,1.59765625,5.3828125,-3.05078125
2430022,,,,,,,,20.0625,-8.765625,-3.63671875,1.416015625,2.138671875,1.880859375,17.1484375,-16.296875,-1.13671875
2430023,,,,,,,,28.2734375,-19.0859375,-5.61328125,1.650390625,1.810546875,2.603515625,25.15625,-26.52734375,-3.05078125
2430024,,,,,,,,9.7265625,-17.3359375,-0.953125,3.658203125,0.267578125,3.525390625,6.234375,-24.53125,1.8515625
2430025,,,,,,,,6.37890625,-5.79296875,-1.8515625,4.73046875,-0.041015625,3.47265625,2.74609375,-12.84375,1.125
2430026,,,,,,,,6.484375,-0.10546875,-1.96484375,5.224609375,-0.24609375,2.845703125,2.671875,-6.91015625,1.35546875
2430027,,,,,,,,1.375,18.78125,1.98046875,1.671875,0.10546875,0.380859375,-2.5390625,12.1640625,5.56640625
2430028,,,,,,,,-1.30078125,22.046875,3.078125,-0.892578125,1.01171875,-3.013671875,-5.14453125,15.3828125,6.6796875
2430029,,,,,,,,-0.9765625,21.22265625,-2.828125,-3.03515625,0.853515625,-4.95703125,-4.5703125,14.34375,0.625
2430030,36.012898,129.31887116666667,24.445404829747986,55.25773312746634,6.6000000000000005,319.0,,0.625,19.8828125,-4.40625,-6.21484375,-0.248046875,-5.716796875,-2.578125,12.6640625,-1.2890625
2430031,,,,,,,,8.11328125,11.42578125,-5.48828125,-3.630859375,-0.494140625,-3.701171875,5.50390625,3.73828125,-2.97265625
2430032,,,,,,,,11.26953125,8.1640625,-4.515625,-1.44921875,-0.06640625,-2.439453125,8.80078125,0.40625,-2.09375
2430033,,,,,,,,12.1328125,5.48046875,-4.02734375,1.908203125,0.17578125,0.751953125,9.76171875,-2.27734375,-1.51953125
2430034,,,,,,,,8.921875,-4.48046875,-4.3515625,1.033203125,-0.05078125,1.828125,6.4609375,-12.16015625,-1.7109375
2430035,,,,,,,,5.12890625,-19.875,-4.625,-1.65234375,-0.275390625,2.46484375,2.44140625,-27.484375,-2.015625
2430036,,,,,,,,-10.5390625,-43.2109375,14.12890625,-2.17578125,-0.361328125,2.3515625,-13.3046875,-50.8125,16.67578125
2430037,,,,,,,,-20.93359375,-53.9296875,20.484375,-2.966796875,-0.51171875,1.876953125,-23.83984375,-61.54296875,22.84375
2430038,,,,,,,,3.72265625,-28.109375,1.6484375,-3.470703125,-0.64453125,1.498046875,0.71484375,-35.7578125,3.8046875
2430039,,,,,,,,10.16796875,-17.51953125,-7.02734375,-3.654296875,-0.7265625,1.548828125,7.11328125,-25.18359375,-5.00390625
2430040,36.01290233333334,129.31886633333335,24.009683331508313,55.73855529877014,6.4,318.0,,10.66796875,0.4921875,-11.109375,-1.248046875,-1.28125,2.65234375,-2.578125,12.6640625,-1.2890625
2430041,,,,,,,,14.578125,4.98828125,-3.78515625,0.291015625,-0.9140625,1.787109375,11.25,-2.62109375,-1.90234375
2430042,,,,,,,,11.26953125,7.8515625,1.1875,-1.08984375,-0.810546875,0.2734375,7.91796875,0.25,3.078125
2430043,,,,,,,,6.640625,8.33203125,1.4296875,-4.072265625,-1.455078125,-1.689453125,3.3984375,0.63671875,3.15625
2430044,,,,,,,,5.10546875,9.390625,0.0,-5.248046875,-1.80859375,-1.4296875,1.94140625,1.6328125,1.5859375
2430045,,,,,,,,7.1953125,17.84765625,-7.06640625,-5.779296875,-2.0625,0.267578125,4.125,9.98046875,-5.84765625
2430046,,,,,,,,3.54296875,21.7109375,-8.8984375,-5.337890625,-2.49609375,2.0703125,0.41015625,13.8125,-8.0703125
2430047,,,,,,,,-0.609375,20.39453125,-9.1796875,-4.447265625,-2.55859375,2.361328125,-3.8046875,12.51171875,-8.4921875
2430048,,,,,,,,-21.765625,-20.24609375,-6.0390625,-1.544921875,-2.1796875,2.115234375,-25.1796875,-28.05859375,-5.578125
2430049,,,,,,,,-20.82421875,-33.41796875,-8.0625,-0.802734375,-1.814453125,2.548828125,-24.48828125,-41.1171875,-7.609375
2430050,36.012906666666666,129.31886133333333,23.558937046648694,56.219377451133425,6.4,317.0,,-13.3984375,-16.74609375,7.109375,-1.833984375,0.23828125,2.375,-17.328125,-24.33984375,7.4453125
2430051,,,,,,,,-5.91015625,4.07421875,20.60546875,-1.927734375,0.638671875,1.08203125,-9.97265625,-3.46484375,20.77734375
2430052,,,,,,,,0.53515625,8.21875,6.2890625,-2.982421875,0.19921875,-0.5,-3.53515625,0.671875,6.2578125
2430053,,,,,,,,5.55859375,18.04296875,1.41796875,-3.0,-0.216796875,-1.083984375,1.51953125,10.4765625,1.27734375
2430054,,,,,,,,6.60546875,18.93359375,1.51171875,0.78125,-0.521484375,-3.00390625,2.70703125,11.28515625,1.27734375
2430055,,,,,,,,4.24609375,14.74609375,-3.47265625,5.900390625,-0.005859375,-6.37890625,0.71484375,6.91796875,-3.43359375
2430056,,,,,,,,-1.6484375,14.4140625,-2.4609375,4.189453125,-0.189453125,-6.232421875,-4.6484375,6.38671875,-1.9765625
2430057,,,,,,,,-7.91796875,11.83203125,-2.16015625,-0.26171875,-0.03125,-2.353515625,-10.3515625,3.62109375,-1.48046875
2430058,,,,,,,,-9.17578125,3.69921875,-2.40625,-0.48828125,0.33203125,-1.306640625,-11.54296875,-4.53515625,-1.75
2430059,,,,,,,,-6.6484375,-14.0625,-4.74609375,-0.685546875,0.5234375,0.2734375,-8.9765625,-22.3125,-4.16015625
2430060,36.0129115,129.3188565,23.123215500780894,56.755679287948,6.7,319.0,,28.6484375,-46.32421875,11.85546875,-1.833984375,0.23828125,2.375,26.265625,-54.56640625,12.42578125
2430061,,,,,,,,31.03515625,-53.91796875,29.80078125,3.734375,0.8359375,1.328125,28.52734375,-62.109375,30.62109375
2430062,,,,,,,,9.1484375,-34.44921875,15.31640625,4.7890625,0.865234375,1.57421875,6.578125,-42.61328125,16.29296875
2430063,,,,,,,,3.0078125,-12.96875,-3.98046875,5.21875,1.384765625,2.828125,0.1796875,-20.96875,-2.36328125
2430064,,,,,,,,2.52734375,-2.34375,-8.04296875,1.697265625,1.306640625,3.166015625,-0.43359375,-10.28515625,-6.30859375
2430065,,,,,,,,5.0,2.79296875,-5.30078125,2.095703125,1.171875,0.498046875,1.8671875,-5.0703125,-3.51171875
2430066,,,,,,,,2.73828125,7.4765625,-2.234375,5.48046875,1.21875,-3.544921875,-0.05078125,-0.36328125,0.2421875
2430067,,,,,,,,1.16796875,9.8359375,-3.37890625,4.900390625,1.263671875,-2.97265625,-1.50390625,2.01953125,-0.71484375
2430068,,,,,,,,-0.98828125,12.62109375,-4.85546875,3.484375,1.66796875,-1.078125,-3.53515625,4.84375,-1.90234375
2430069,,,,,,,,-3.06640625,15.11328125,-6.234375,3.357421875,1.859375,-0.13671875,-5.60546875,7.375,-3.1640625
2430070,36.01291616666666,129.31885216666666,22.732568541423873,57.27348805417104,6.5,321.0,,-3.7421875,16.921875,-9.66015625,3.4140625,2.009765625,1.138671875,-6.4453125,9.3671875,-6.26953125
2430071,,,,,,,,10.07421875,2.80859375,-6.95703125,2.615234375,2.23046875,1.091796875,7.23046875,-4.61328125,-3.39453125
2430072,,,,,,,,14.1328125,-4.02734375,-6.20703125,1.939453125,2.4453125,0.9921875,11.2109375,-11.390625,-2.58984375
2430073,,,,,,,,24.01171875,-18.61328125,-10.953125,0.97265625,2.548828125,0.943359375,20.94140625,-25.91015625,-7.3046875
2430074,,,,,,,,24.47265625,-21.7109375,-12.21484375,1.20703125,2.31640625,1.29296875,21.32421875,-28.98046875,-8.56640625
2430075,,,,,,,,26.9921875,-29.34375,-11.265625,2.728515625,1.025390625,2.390625,23.6640625,-36.484375,-7.53125
2430076,,,,,,,,5.0,-0.37890625,1.84375,5.353515625,-0.447265625,3.373046875,1.2890625,-6.984375,6.1796875
2430077,,,,,,,,5.5234375,5.08203125,1.0234375,4.71484375,-0.138671875,3.056640625,1.7109375,-1.35546875,5.53515625
2430078,,,,,,,,9.7421875,17.265625,-1.5703125,-1.48828125,0.326171875,-1.01171875,5.8125,11.05859375,3.15625
2430079,,,,,,,,8.375,20.33203125,-0.328125,-4.763671875,-0.275390625,-2.62890625,4.5078125,14.00390625,4.3046875
2430080,36.012920666666666,129.31884766666664,22.326896848542603,57.77280359495783,6.6000000000000005,320.0,,-0.1796875,28.78515625,-0.265625,-6.865234375,-0.990234375,-4.787109375,-3.7265625,22.0078125,3.9609375
2430081,,,,,,,,-0.640625,29.2578125,-1.140625,-4.75,-0.171875,-5.203125,-3.65234375,21.66796875,1.8515625
2430082,,,,,,,,-0.31640625,24.76953125,-3.1953125,-4.923828125,-0.435546875,-3.927734375,-1.6953125,13.234375,1.19921875
2430083,,,,,,,,2.33984375,16.71484375,-1.359375,-2.1953125,-0.07421875,-2.203125,2.40234375,-5.1484375,1.73828125
2430084,,,,,,,,0.65234375,-30.515625,-1.0703125,0.357421875,0.234375,-0.439453125,-8.2109375,-57.05859375,3.5
2430085,,,,,,,,-20.6484375,-67.4375,13.66015625,0.7421875,0.39453125,0.990234375,-34.94921875,-78.16796875,30.0078125
2430086,,,,,,,,-32.73046875,-70.2890625,26.96875,1.01171875,0.384765625,1.4375,-34.984375,-78.08984375,30.0078125
2430087,,,,,,,,2.82421875,-45.17578125,10.05078125,1.001953125,0.525390625,2.482421875,11.40234375,-41.1953125,-0.0234375
2430088,,,,,,,,16.15625,-21.83984375,-6.73046875,0.68359375,-0.09375,5.515625,15.6171875,-18.63671875,-3.2421875
2430089,,,,,,,,23.14453125,-0.62890625,-3.296875,0.2265625,-0.47265625,6.1171875,32.0078125,16.9921875,4.53515625
2430090,36.01292466666666,129.31884233333332,21.84610119725935,58.216639346074096,6.300000000000001,316.0,,-0.1796875,28.78515625,-0.265625,-2.41015625,0.00390625,-0.439453125,20.828125,17.453125,6.71875
2430091,,,,,,,,18.1796875,19.19921875,0.8515625,-5.578125,-2.107421875,-4.146484375,6.19921875,0.48046875,-3.93359375
2430092,,,,,,,,6.671875,4.00390625,-10.265625,-6.7421875,-2.673828125,-4.59765625,3.7421875,-3.80859375,-7.53125
2430093,,,,,,,,7.171875,8.8046875,-12.55078125,-7.064453125,-1.96484375,-0.560546875,4.96875,0.4453125,-11.015625
2430094,,,,,,,,1.83984375,13.1875,-14.40625,-2.759765625,-2.35546875,2.154296875,-0.39453125,4.7734375,-13.24609375
2430095,,,,,,,,-8.4765625,11.26171875,-11.35546875,-1.314453125,-2.658203125,3.111328125,-10.890625,2.89453125,-10.29296875
2430096,,,,,,,,-18.96875,5.1953125,-6.6484375,-2.087890625,-2.966796875,3.357421875,-21.62109375,-3.1171875,-5.65625
2430097,,,,,,,,-21.5859375,2.82421875,-5.51171875,-2.705078125,-3.005859375,3.505859375,-24.3359375,-5.45703125,-4.58203125
2430098,,,,,,,,-25.1953125,-0.82421875,-3.45703125,-3.8671875,-1.9453125,4.19921875,-28.2421875,-9.01953125,-2.74609375
2430099,,,,,,,,-25.5625,-5.62109375,-1.828125,-3.869140625,-1.251953125,4.54296875,-28.78125,-13.76953125,-1.25
2430100,36.0129285,129.318838,21.455454609038433,58.64198213856446,6.2,316.0,0.0,-5.53515625,-19.515625,-5.52734375,-2.392578125,0.8359375,4.146484375,-9.47265625,-27.3671875,-5.46484375
2430101,,,,,,,,1.87109375,-14.84375,-4.61328125,-0.6796875,0.134765625,0.82421875,2.2109375,-12.81640625,-0.98046875
2430102,,,,,,,,6.453125,-5.109375,-0.79296875,0.224609375,-0.453125,-0.603515625,3.359375,-7.44921875,0.89453125
2430103,,,,,,,,8.23828125,4.921875,3.05078125,1.859375,-0.826171875,-2.447265625,5.58203125,0.828125,3.73046875
2430104,,,,,,,,9.68359375,8.6171875,3.81640625,2.478515625,-0.853515625,-2.580078125,15.15625,4.3125,4.83984375
2430105,,,,,,,,14.46875,17.49609375,17.05078125,3.541015625,-0.65234375,-1.267578125,1.51953125,11.8984375,22.1953125
2430106,,,,,,,,5.27734375,19.859375,21.7890625,3.8203125,-0.390625,-0.994140625,-3.19140625,10.94140625,13.078125
2430107,,,,,,,,-0.04296875,16.328125,2.81640625,3.98828125,0.208984375,-1.28515625,-3.65234375,8.33984375,3.69140625
2430108,,,,,,,,-1.4453125,17.76171875,-3.3671875,1.091796875,0.244140625,-1.779296875,-4.9921875,9.75390625,-2.3984375
2430109,,,,,,,,-5.01171875,14.70703125,-4.375,-2.484375,0.888671875,-3.10546875,-8.24609375,6.53515625,-3.7421875
2430110,36.0129335,129.31883316666665,21.01973326302501,59.1967772872977,6.6000000000000005,319.0,,-7.04296875,-9.65625,-1.0859375,1.31640625,0.26171875,-1.439453125,-9.97265625,-17.9453125,-0.5625
2430111,,,,,,,,12.77734375,-53.1640625,4.26953125,2.8125,0.123046875,0.1328125,9.91015625,-61.46484375,4.95703125
2430112,,,,,,,,31.171875,-78.125,14.5390625,3.701171875,0.25,1.703125,31.171875,-78.125,24.33984375
2430113,,,,,,,,11.25,-55.6015625,1.20703125,4.580078125,-0.3671875,3.40234375,11.25,-55.6015625,11.0078125
2430114,,,,,,,,3.859375,-21.9296875,-14.8046875,4.912109375,-0.6484375,5.146484375,3.859375,-21.93359375,-5.00390625
2430115,,,,,,,,-0.77734375,-9.44140625,-19.36328125,0.283203125,-0.423828125,4.7421875,-0.77734375,-9.44140625,-9.56640625
2430116,,,,,,,,-0.2421875,-6.64453125,-18.98046875,-0.169921875,-1.232421875,2.396484375,-0.2421875,-6.64453125,-9.18359375
2430117,,,,,,,,-8.36328125,2.359375,-1.3984375,4.22265625,-0.013671875,-3.822265625,-8.36328125,2.359375,8.3984375
2430118,,,,,,,,-3.87890625,0.90234375,-6.22265625,5.796875,-0.26953125,-6.09765625,-3.875,0.90234375,3.57421875
2430119,,,,,,,,0.44921875,-1.703125,-10.7421875,4.3359375,1.09375,-5.529296875,0.44921875,-1.703125,-0.9453125
2430120,36.01293783333333,129.31882916666666,20.65913627996121,59.67759980723711,6.1000000000000005,321.0,,6.34765625,-1.43359375,-13.46484375,1.76953125,2.443359375,-3.57421875,6.34375,-1.43359375,-3.6640625
2430121,,,,,,,,7.15234375,1.28515625,-12.390625,2.826171875,2.60546875,-1.4453125,7.15234375,1.28515625,-2.58984375
2430122,,,,,,,,6.078125,5.078125,-12.23828125,3.357421875,1.462890625,1.078125,6.078125,5.078125,-2.4375
2430123,,,,,,,,8.4921875,4.50390625,-12.125,2.544921875,1.6484375,1.74609375,8.4921875,4.50390625,-2.32421875
2430124,,,,,,,,11.59375,-0.62890625,-11.39453125,1.044921875,1.123046875,2.3125,11.59765625,-0.62890625,-1.59375
2430125,,,,,,,,11.59375,-5.30078125,-11.9296875,-0.1171875,0.45703125,2.78515625,11.59375,-5.30078125,-2.1328125
2430126,,,,,,,,10.67578125,-5.609375,-12.27734375,-0.298828125,0.115234375,3.14453125,10.67578125,-5.609375,-2.4765625
2430127,,,,,,,,7.53515625,-5.2265625,-11.3203125,0.04296875,-0.859375,4.0234375,7.53515625,-5.2265625,-1.51953125
2430128,,,,,,,,3.78125,-4.5,-9.75,0.080078125,-1.4921875,4.447265625,3.78125,-4.5,0.05078125
2430129,,,,,,,,2.82421875,-4.19140625,-9.90234375,-0.41796875,-1.591796875,3.962890625,2.82421875,-4.1875,-0.1015625
2430130,36.012941999999995,129.31882433333334,20.223415250789856,60.13992896197278,6.5,318.0,,1.55859375,-3.578125,-11.39453125,-1.44140625,-1.1328125,2.9453125,6.34375,-1.43359375,-3.6640625
2430131,,,,,,,,0.02734375,-2.46875,-9.82421875,-1.720703125,-0.765625,1.513671875,0.02734375,-2.46875,-0.0234375
2430132,,,,,,,,-3.765625,0.2890625,-5.19140625,-1.37890625,-0.521484375,0.35546875,-3.765625,0.2890625,4.609375
2430133,,,,,,,,-5.56640625,1.24609375,-5.7265625,-0.900390625,-0.4375,-0.306640625,-5.5625,1.24609375,4.07421875
2430134,,,,,,,,-5.3359375,2.58984375,-6.796875,-1.2421875,-0.125,-0.919921875,-5.33984375,2.58984375,3.0
2430135,,,,,,,,-3.6875,4.3515625,-10.1328125,-1.041015625,0.4609375,-1.615234375,-3.6875,4.3515625,-0.33203125
2430136,,,,,,,,-2.76953125,3.81640625,-10.515625,-0.845703125,0.900390625,-1.509765625,-2.76953125,3.8125,-0.71484375
2430137,,,,,,,,-0.5859375,2.16796875,-8.7890625,-0.841796875,1.130859375,-1.00390625,-0.5859375,2.16796875,1.0078125
2430138,,,,,,,,2.70703125,0.0234375,-6.26171875,-0.630859375,1.087890625,-0.44921875,2.70703125,0.0234375,3.5390625
2430139,,,,,,,,7.49609375,-4.91796875,-3.58203125,-0.265625,0.857421875,0.11328125,7.4921875,-4.91796875,6.21875
2430140,36.01294566666666,129.31882050000002,19.877843343861883,60.54677872259961,6.0,318.0,,11.05859375,-16.3359375,-5.91796875,0.228515625,0.609375,0.51953125,11.05859375,-16.33984375,3.8828125
2430141,,,,,,,,6.04296875,-43.07421875,-11.85546875,0.7265625,0.5390625,0.603515625,6.04296875,-43.0703125,-2.0546875
2430142,,,,,,,,-10.203125,-70.42578125,-15.83984375,0.564453125,0.615234375,0.46875,-10.203125,-70.421875,-6.0390625
2430143,,,,,,,,-37.4765625,-77.43359375,30.51171875,1.115234375,1.3203125,0.873046875,-37.4765625,-77.4296875,40.3125
2430144,,,,,,,,-8.9375,-37.94140625,10.9765625,2.177734375,2.6015625,1.62890625,-8.9375,-37.9375,20.77734375
2430145,,,,,,,,7.6875,-25.14453125,-11.43359375,2.85546875,2.224609375,-0.0546875,7.6875,-25.140625,-1.6328125
2430146,,,,,,,,21.32421875,-14.45703125,-17.1015625,3.6171875,1.888671875,-0.31640625,21.32421875,-14.45703125,-7.3046875
2430147,,,,,,,,23.31640625,-8.40625,-12.0078125,1.69921875,2.146484375,-0.15234375,23.31640625,-8.40625,-2.20703125
2430148,,,,,,,,19.140625,-10.89453125,-14.421875,-1.94921875,-0.025390625,-4.583984375,19.140625,-10.89453125,-4.62109375
2430149,,,,,,,,13.625,-4.7265625,-14.30859375,-3.78515625,-1.666015625,-3.779296875,13.62890625,-4.7265625,-4.5078125
2430150,36.01294966666667,129.3188166666667,19.532271384964645,60.99061491172224,5.7,320.0,,8.9921875,1.32421875,-13.6953125,-5.14453125,-2.79296875,-1.82421875,8.9921875,1.32421875,-3.89453125
2430151,,,,,,,,0.90625,6.07421875,-17.5625,-4.14453125,-1.732421875,0.07421875,0.90625,6.07421875,-7.7578125
2430152,,,,,,,,-2.5390625,7.98828125,-18.671875,-3.13671875,-1.4609375,0.16796875,-2.5390625,7.98828125,-8.87890625
2430153,,,,,,,,-6.984375,8.984375,-19.09375,-1.591796875,-1.306640625,-0.275390625,-6.984375,8.984375,-9.296875
2430154,,,,,,,,-10.125,9.59765625,-19.82421875,-1.541015625,-1.380859375,-0.734375,-10.12890625,9.59765625,-10.0234375
2430155,,,,,,,,-16.828125,7.60546875,-15.80078125,-2.3359375,-0.716796875,-0.271484375,-16.83203125,7.60546875,-6.0
2430156,,,,,,,,-19.31640625,2.89453125,-12.69921875,-2.427734375,-0.3359375,0.279296875,-19.3125,2.89453125,-2.8984375
2430157,,,,,,,,-20.66015625,-3.50390625,-11.28125,-2.08984375,0.1484375,1.814453125,-21.0,-6.26171875,-1.48046875
2430158,,,,,,,,-19.6640625,-9.171875,-11.3203125,-2.599609375,0.443359375,2.390625,-17.25,-9.8984375,-1.94140625
2430159,,,,,,,,-17.25,-9.8984375,-11.73828125,-2.556640625,0.689453125,2.392578125,-14.30078125,-10.85546875,-2.859375
2430160,36.012953333333336,129.318812,19.111575421881007,61.39746453427413,5.4,317.0,,8.9921875,1.32421875,-13.6953125,-5.14453125,-2.79296875,-1.82421875,-7.75,-9.703125,-1.6328125
2430161,,,,,,,,-6.37109375,-8.13671875,-10.32421875,-1.1875,0.6796875,0.564453125,-4.1875,-6.80078125,1.0078125
2430162,,,,,,,,-1.390625,-2.58203125,-5.11328125,-0.580078125,0.44140625,-0.330078125,-1.390625,-2.58203125,4.69140625
2430163,,,,,,,,0.5625,0.328125,-3.390625,-0.20703125,0.0546875,-0.453125,0.5625,0.328125,6.41015625
2430164,,,,,,,,6.578125,2.2421875,-4.73046875,1.55859375,-0.814453125,0.357421875,6.58203125,2.2421875,5.0703125
2430165,,,,,,,,5.23828125,2.7421875,-4.15625,3.5390625,-1.115234375,0.0625,5.23828125,2.7421875,5.640625
2430166,,,,,,,,3.28125,2.08984375,-4.99609375,4.0625,-0.931640625,-0.21875,3.28125,2.08984375,4.80078125
2430167,,,,,,,,-2.234375,1.01953125,-7.02734375,4.5703125,-0.373046875,-1.017578125,-2.234375,1.01953125,2.7734375
2430168,,,,,,,,-4.9921875,0.05859375,-7.71875,2.0234375,-0.0078125,-1.470703125,-4.9921875,0.05859375,2.08203125
2430169,,,,,,,,-8.2109375,-1.9296875,-5.95703125,0.45703125,0.19921875,-1.208984375,-8.21484375,-1.9296875,3.84375
2430170,36.01295733333333,129.31880833333335,18.781028357244764,61.841300784624835,5.6000000000000005,320.0,,-9.625,-4.84375,-5.41796875,0.248046875,0.103515625,-0.693359375,-7.75,-9.703125,-1.6328125
2430171,,,,,,,,-8.74609375,-17.40625,-7.94921875,0.466796875,-0.10546875,-0.392578125,-8.74609375,-17.41015625,1.8515625
2430172,,,,,,,,-1.3125,-42.5390625,-3.08203125,0.88671875,-0.224609375,-0.255859375,-1.3125,-42.5390625,6.71875
2430173,,,,,,,,10.79296875,-56.75,-5.07421875,1.310546875,-0.296875,-0.2265625,10.79296875,-56.75390625,4.7265625
2430174,,,,,,,,31.8203125,-78.1640625,3.890625,2.240234375,-0.59765625,0.0625,31.8203125,-78.1640625,13.6875
2430175,,,,,,,,24.8125,-39.28125,2.2421875,2.830078125,-1.15625,1.021484375,24.8125,-39.28515625,12.04296875
2430176,,,,,,,,9.87109375,-23.4609375,-11.2421875,3.18359375,-0.7890625,1.71875,9.87109375,-23.4609375,-1.44140625
2430177,,,,,,,,-1.3125,-13.0390625,-12.66015625,-0.470703125,-0.271484375,1.970703125,-1.3125,-13.04296875,-2.859375
2430178,,,,,,,,-9.47265625,-13.921875,-9.05859375,-1.23828125,-0.580078125,0.953125,-9.47265625,-13.921875,0.7421875
2430179,,,,,,,,-10.890625,-14.6484375,-4.5,0.306640625,-1.14453125,-3.828125,-10.890625,-14.6484375,5.30078125
2430180,36.01296116666666,129.31880533333333,18.510580651802954,62.26664396835662,5.1000000000000005,323.0,,-5.375,-9.01953125,-5.49609375,0.248046875,0.103515625,-0.693359375,-7.75,-9.703125,-1.6328125
2430181,,,,,,,,-4.30078125,-6.52734375,-10.24609375,2.75,-0.556640625,-2.666015625,-4.30078125,-6.5234375,-0.4453125
2430182,,,,,,,,-2.00390625,-5.609375,-13.9609375,4.138671875,1.771484375,-0.49609375,-2.00390625,-5.61328125,-4.16015625
2430183,,,,,,,,0.06640625,-3.9609375,-14.30859375,3.029296875,1.193359375,-0.609375,0.06640625,-3.9609375,-4.51171875
2430184,,,,,,,,3.0546875,-3.5390625,-12.54296875,1.091796875,0.92578125,-0.853515625,3.0546875,-3.54296875,-2.74609375
2430185,,,,,,,,7.15234375,0.09765625,-9.82421875,0.421875,1.171875,-0.44140625,7.1484375,0.09765625,-0.0234375
2430186,,,,,,,,8.1875,1.9375,-8.75390625,0.369140625,1.259765625,-0.044921875,8.19140625,1.9375,1.046875
2430187,,,,,,,,11.01953125,4.734375,-7.41015625,0.5,1.2109375,0.73828125,11.01953125,4.734375,2.38671875
2430188,,,,,,,,10.63671875,4.04296875,-8.29296875,0.951171875,0.599609375,1.22265625,10.63671875,4.04296875,1.5078125
2430189,,,,,,,,8.80078125,1.74609375,-10.55078125,1.44921875,-0.416015625,1.26953125,8.796875,1.74609375,-0.75390625
2430190,36.01296466666667,129.3188005,18.074860015983738,62.65500040370505,5.300000000000001,319.0,,8.37890625,1.32421875,-11.47265625,0.248046875,0.103515625,-0.693359375,-7.75,-9.703125,-1.6328125
2430191,,,,,,,,6.921875,1.36328125,-13.76953125,0.49609375,-0.87890625,0.791015625,6.921875,1.36328125,-3.96875
2430192,,,,,,,,5.3125,-0.1328125,-13.9609375,0.26953125,-1.041015625,0.888671875,5.3125,-0.1328125,-4.16015625
2430193,,,,,,,,2.36328125,-2.0078125,-12.31640625,0.1640625,-1.23046875,1.064453125,2.36328125,-2.0078125,-2.515625
2430194,,,,,,,,0.2578125,-2.3515625,-8.75390625,-0.6484375,-1.3046875,1.0859375,0.2578125,-2.3515625,1.046875
2430195,,,,,,,,-3.11328125,-2.16015625,-5.265625,-2.154296875,-1.138671875,1.07421875,-3.11328125,-2.16015625,4.53125
2430196,,,,,,,,-4.4921875,-1.9296875,-4.99609375,-2.88671875,-0.9765625,1.068359375,-4.4921875,-1.9296875,4.80078125
2430197,,,,,,,,-5.8359375,-1.12890625,-6.9140625,-3.822265625,-0.62109375,1.08203125,-5.8359375,-1.12890625,2.88671875
2430198,,,,,,,,-6.4453125,0.17578125,-9.25,-3.59375,-0.240234375,0.87890625,-6.4453125,0.17578125,0.55078125
2430199,,,,,,,,-6.1796875,0.90234375,-11.35546875,-2.556640625,0.076171875,0.6015625,-6.1796875,0.90234375,-1.55859375
2430200,36.012968,129.31879650000002,17.714263559783525,63.024863806082095,5.0,317.0,0.0,-4.5703125,1.5546875,-8.4453125,0.248046875,0.103515625,-0.693359375,-7.75,-9.703125,-1.6328125
