time,latitude,longitude,enu_x,enu_y,speed,course,Hrage,accX,accY,accZ,gyrX,gyrY,gyrZ,eulR,eulP,eulY
4134600,36.0136095,129.31971016666665,100.07951948890074,134.20577298132665,0.1,65535.0,48.0,-0.48828125,0.3984375,-0.12890625,0.072265625,-0.048828125,0.107421875,356.0,356.0,356.0111111111111
4134601,,,,,,,,-0.48828125,0.3984375,-0.12890625,0.072265625,-0.048828125,0.107421875,356.0,356.0,356.0111111111111
4134602,,,,,,,,-0.48828125,0.3984375,-0.12890625,0.087890625,-0.099609375,0.12109375,356.0,356.0,356.0111111111111
4134603,,,,,,,,-0.48828125,0.3984375,-0.12890625,0.087890625,-0.099609375,0.12109375,356.0,356.0,356.0111111111111
4134604,,,,,,,,-0.48828125,0.3984375,-0.12890625,0.107421875,-0.126953125,0.087890625,356.0,356.0,356.0111111111111
4134605,,,,,,,,-0.48828125,0.3984375,-0.12890625,0.107421875,-0.126953125,0.087890625,356.0,356.0,356.0111111111111
4134606,,,,,,,,-0.48828125,0.3984375,-0.12890625,0.099609375,-0.21875,0.033203125,356.0,356.0,356.0111111111111
4134607,,,,,,,,-0.9921875,1.61328125,0.4765625,0.099609375,-0.21875,0.033203125,356.0,356.0,356.0111111111111
4134608,,,,,,,,-0.9921875,1.61328125,0.4765625,0.099609375,-0.21875,0.033203125,356.0,356.0,356.0111111111111
4134609,,,,,,,,-0.9921875,1.61328125,0.4765625,0.185546875,-0.201171875,-0.099609375,356.0,356.0,356.0111111111111
4134610,36.013609333333335,129.31971000000001,100.06449500348592,134.1872796009884,0.1,65535.0,,-0.9921875,1.61328125,0.4765625,0.185546875,-0.201171875,-0.099609375,356.0,356.0,356.0111111111111
4134611,,,,,,,,-0.9921875,1.61328125,0.4765625,0.2265625,-0.09765625,-0.193359375,356.0,356.0,356.0111111111111
4134612,,,,,,,,-0.9921875,1.61328125,0.4765625,0.2265625,-0.09765625,-0.193359375,356.0,356.0,356.0111111111111
4134613,,,,,,,,-0.9921875,1.61328125,0.4765625,0.26953125,-0.134765625,-0.208984375,356.0,356.0,356.0111111111111
4134614,,,,,,,,-0.9921875,1.61328125,0.4765625,0.26953125,-0.134765625,-0.208984375,356.0,356.0,356.0111111111111
4134615,,,,,,,,-0.9921875,1.61328125,0.4765625,0.19140625,-0.134765625,-0.21484375,356.0,356.0,356.0111111111111
4134616,,,,,,,,-0.9921875,1.61328125,0.4765625,0.19140625,-0.134765625,-0.21484375,356.0,356.0,356.0111111111111
4134617,,,,,,,,-0.9921875,1.61328125,0.4765625,0.140625,-0.166015625,-0.236328125,356.0,356.0,356.0111111111111
4134618,,,,,,,,-0.9921875,1.61328125,0.4765625,0.140625,-0.166015625,-0.236328125,356.0,356.0,356.0111111111111
4134619,,,,,,,,-0.9921875,1.61328125,0.4765625,0.107421875,-0.1875,-0.21875,356.0,356.0,356.0111111111111
4134620,36.013609333333335,129.31971016666665,100.07951969975969,134.1872797720525,0.0,65535.0,,-0.9921875,1.61328125,0.4765625,0.107421875,-0.1875,-0.21875,356.0,356.0,356.0111111111111
4134621,,,,,,,,-0.9921875,1.61328125,0.4765625,0.05078125,-0.21875,-0.177734375,356.0,356.0,356.0111111111111
4134622,,,,,,,,-1.19140625,1.12109375,1.375,0.05078125,-0.21875,-0.177734375,356.0,356.0,356.0111111111111
4134623,,,,,,,,-1.19140625,1.12109375,1.375,0.05078125,-0.21875,-0.177734375,356.0,356.0,356.0111111111111
4134624,,,,,,,,-1.19140625,1.12109375,1.375,-0.06640625,-0.203125,-0.111328125,356.0,356.0,356.0111111111111
4134625,,,,,,,,-1.19140625,1.12109375,1.375,-0.06640625,-0.203125,-0.111328125,356.0,356.0,356.0111111111111
4134626,,,,,,,,-1.19140625,1.12109375,1.375,-0.0859375,-0.23046875,-0.083984375,356.0,356.0,356.0111111111111
4134627,,,,,,,,-1.19140625,1.12109375,1.375,-0.0859375,-0.23046875,-0.083984375,356.0,356.0,356.0111111111111
4134628,,,,,,,,-1.19140625,1.12109375,1.375,-0.17578125,-0.240234375,-0.056640625,356.0,356.0,356.0111111111111
4134629,,,,,,,,-1.19140625,1.12109375,1.375,-0.17578125,-0.240234375,-0.056640625,356.0,356.0,356.0111111111111
4134630,36.0136095,129.31971000000001,100.06449479292205,134.20577281047434,0.1,65535.0,,-1.19140625,1.12109375,1.375,-0.1640625,-0.2421875,-0.0390625,356.0,356.0,356.0111111111111
4134631,,,,,,,,-1.19140625,1.12109375,1.375,-0.1640625,-0.2421875,-0.0390625,356.0,356.0,356.0111111111111
4134632,,,,,,,,-1.19140625,1.12109375,1.375,-0.3203125,-0.091796875,0.08984375,356.0,356.0,356.0111111111111
4134633,,,,,,,,-1.19140625,1.12109375,1.375,-0.3203125,-0.091796875,0.08984375,356.0111111111111,356.0,356.0111111111111
4134634,,,,,,,,-1.19140625,1.12109375,1.375,-0.255859375,-0.173828125,-0.138671875,356.0111111111111,356.0,356.0111111111111
4134635,,,,,,,,-1.19140625,1.12109375,1.375,-0.255859375,-0.173828125,-0.138671875,356.0111111111111,356.0,356.0111111111111
4134636,,,,,,,,-1.19140625,1.12109375,1.375,-0.326171875,-0.09765625,-0.1875,356.0111111111111,356.0,356.0111111111111
4134637,,,,,,,,0.171875,-0.94140625,0.015625,-0.326171875,-0.09765625,-0.1875,356.0111111111111,356.0,356.0111111111111
4134638,,,,,,,,0.171875,-0.94140625,0.015625,-0.326171875,-0.09765625,-0.1875,356.0111111111111,356.0,356.0111111111111
4134639,,,,,,,,0.171875,-0.94140625,0.015625,-0.435546875,-0.037109375,-0.287109375,356.0111111111111,356.0,356.0111111111111
4134640,36.01361,129.31971016666665,100.0795188568798,134.26125260781967,0.1,65535.0,,0.171875,-0.94140625,0.015625,-0.435546875,-0.037109375,-0.287109375,356.0111111111111,356.0,356.0111111111111
4134641,,,,,,,,0.171875,-0.94140625,0.015625,-0.47265625,-0.0078125,-0.31640625,356.0111111111111,356.0,356.0111111111111
4134642,,,,,,,,0.171875,-0.94140625,0.015625,-0.47265625,-0.0078125,-0.31640625,356.0111111111111,356.0,356.0111111111111
4134643,,,,,,,,0.171875,-0.94140625,0.015625,-0.46875,0.10546875,-0.318359375,356.0111111111111,356.0,356.0111111111111
4134644,,,,,,,,0.171875,-0.94140625,0.015625,-0.46875,0.10546875,-0.318359375,356.0111111111111,356.0,356.0111111111111
4134645,,,,,,,,0.171875,-0.94140625,0.015625,-0.46875,0.125,-0.29296875,356.0111111111111,356.0,356.0111111111111
4134646,,,,,,,,0.171875,-0.94140625,0.015625,-0.46875,0.125,-0.29296875,356.0111111111111,356.0,356.0111111111111
4134647,,,,,,,,0.171875,-0.94140625,0.015625,-0.51171875,0.08203125,-0.259765625,356.0111111111111,356.0,356.0111111111111
4134648,,,,,,,,0.171875,-0.94140625,0.015625,-0.51171875,0.08203125,-0.259765625,356.0111111111111,356.0,356.0111111111111
4134649,,,,,,,,0.171875,-0.94140625,0.015625,-0.416015625,0.07421875,-0.265625,356.0111111111111,356.0,356.0111111111111
4134650,36.01361116666667,129.31971083333335,100.13961617765843,134.39070575556397,0.4,5.0,,0.171875,-0.94140625,0.015625,-0.416015625,0.07421875,-0.265625,356.0111111111111,356.0,356.0111111111111
4134651,,,,,,,,0.171875,-0.94140625,0.015625,-0.13671875,0.048828125,-0.259765625,356.0111111111111,356.0,356.0111111111111
4134652,,,,,,,,0.12890625,-1.15625,-1.99609375,-0.13671875,0.048828125,-0.259765625,356.0111111111111,356.0,356.0111111111111
4134653,,,,,,,,0.12890625,-1.15625,-1.99609375,-0.13671875,0.048828125,-0.259765625,356.0111111111111,356.0,356.0111111111111
4134654,,,,,,,,0.12890625,-1.15625,-1.99609375,0.15625,-0.0625,-0.189453125,356.0111111111111,356.0,356.0111111111111
4134655,,,,,,,,0.12890625,-1.15625,-1.99609375,0.15625,-0.0625,-0.189453125,356.0111111111111,356.0,356.0111111111111
4134656,,,,,,,,0.12890625,-1.15625,-1.99609375,0.23046875,-0.083984375,-0.12109375,356.0111111111111,356.0,356.0111111111111
4134657,,,,,,,,0.12890625,-1.15625,-1.99609375,0.23046875,-0.083984375,-0.12109375,356.0111111111111,356.0,356.0111111111111
4134658,,,,,,,,0.12890625,-1.15625,-1.99609375,0.310546875,-0.037109375,-0.091796875,356.0111111111111,356.0,356.0111111111111
4134659,,,,,,,,0.12890625,-1.15625,-1.99609375,0.310546875,-0.037109375,-0.091796875,356.0111111111111,356.0,356.0111111111111
4134660,36.01361166666666,129.31971166666665,100.21473903598503,134.44618623681006,0.6000000000000001,35.0,,0.12890625,-1.15625,-1.99609375,0.400390625,-0.091796875,-0.109375,356.0111111111111,356.0,356.0111111111111
4134661,,,,,,,,0.12890625,-1.15625,-1.99609375,0.400390625,-0.091796875,-0.109375,356.0111111111111,356.0,356.0111111111111
4134662,,,,,,,,0.12890625,-1.15625,-1.99609375,0.36328125,-0.12890625,-0.11328125,356.0111111111111,356.0,356.0111111111111
4134663,,,,,,,,0.12890625,-1.15625,-1.99609375,0.36328125,-0.12890625,-0.11328125,356.0111111111111,356.0,356.0111111111111
4134664,,,,,,,,0.12890625,-1.15625,-1.99609375,0.322265625,-0.103515625,-0.103515625,356.0111111111111,356.0,356.0111111111111
4134665,,,,,,,,0.12890625,-1.15625,-1.99609375,0.322265625,-0.103515625,-0.103515625,356.0111111111111,356.0,356.0111111111111
4134666,,,,,,,,0.12890625,-1.15625,-1.99609375,0.26953125,-0.02734375,-0.04296875,356.0111111111111,356.0,356.0111111111111
4134667,,,,,,,,0.953125,-1.4609375,-1.0625,0.26953125,-0.02734375,-0.04296875,356.0111111111111,356.0,356.0111111111111
4134668,,,,,,,,0.953125,-1.4609375,-1.0625,0.26953125,-0.02734375,-0.04296875,356.0111111111111,356.0,356.0111111111111
4134669,,,,,,,,0.953125,-1.4609375,-1.0625,0.23828125,-0.0234375,-0.01171875,356.0111111111111,356.0,356.0111111111111
4134670,36.01361166666666,129.31971166666665,100.21473903598503,134.44618623681006,0.4,37.0,,0.953125,-1.4609375,-1.0625,0.23828125,-0.0234375,-0.01171875,356.0111111111111,356.0,356.0111111111111
4134671,,,,,,,,0.953125,-1.4609375,-1.0625,0.203125,0.046875,0.0,356.0111111111111,356.0,356.0111111111111
4134672,,,,,,,,0.953125,-1.4609375,-1.0625,0.203125,0.046875,0.0,356.0111111111111,356.0,356.0111111111111
4134673,,,,,,,,0.953125,-1.4609375,-1.0625,0.1484375,0.08203125,0.015625,356.0111111111111,356.0,356.0111111111111
4134674,,,,,,,,0.953125,-1.4609375,-1.0625,0.1484375,0.08203125,0.015625,356.0111111111111,356.0,356.0111111111111
4134675,,,,,,,,0.953125,-1.4609375,-1.0625,0.134765625,0.12109375,0.07421875,356.0111111111111,356.0,356.0111111111111
4134676,,,,,,,,0.953125,-1.4609375,-1.0625,0.134765625,0.12109375,0.07421875,356.0111111111111,356.0,356.0111111111111
4134677,,,,,,,,0.953125,-1.4609375,-1.0625,0.107421875,0.169921875,0.12109375,356.0111111111111,356.0,356.0111111111111
4134678,,,,,,,,0.953125,-1.4609375,-1.0625,0.107421875,0.169921875,0.12109375,356.0111111111111,356.0,356.0111111111111
4134679,,,,,,,,0.953125,-1.4609375,-1.0625,0.068359375,0.15625,0.158203125,356.0111111111111,356.0,356.0111111111111
4134680,36.013611833333336,129.31971116666668,100.16966473279842,134.46467893285646,0.1,65535.0,,0.953125,-1.4609375,-1.0625,0.068359375,0.15625,0.158203125,356.0111111111111,356.0,356.0111111111111
4134681,,,,,,,,0.953125,-1.4609375,-1.0625,0.0546875,0.1796875,0.15234375,356.0111111111111,356.0,356.0111111111111
4134682,,,,,,,,-1.12109375,0.0390625,-0.63671875,0.0546875,0.1796875,0.15234375,356.0111111111111,356.0,356.0111111111111
4134683,,,,,,,,-1.12109375,0.0390625,-0.63671875,0.0546875,0.1796875,0.15234375,356.0111111111111,356.0,356.0111111111111
4134684,,,,,,,,-1.12109375,0.0390625,-0.63671875,0.142578125,0.099609375,0.15625,356.0111111111111,356.0,356.0111111111111
4134685,,,,,,,,-1.12109375,0.0390625,-0.63671875,0.142578125,0.099609375,0.15625,356.0111111111111,356.0,356.0111111111111
4134686,,,,,,,,-1.12109375,0.0390625,-0.63671875,0.201171875,0.119140625,0.109375,356.0111111111111,356.0,356.0111111111111
4134687,,,,,,,,-1.12109375,0.0390625,-0.63671875,0.201171875,0.119140625,0.109375,356.0111111111111,356.0,356.0111111111111
4134688,,,,,,,,-1.12109375,0.0390625,-0.63671875,0.283203125,0.158203125,0.06640625,356.0111111111111,356.0,356.0111111111111
4134689,,,,,,,,-1.12109375,0.0390625,-0.63671875,0.283203125,0.158203125,0.06640625,356.0111111111111,356.0,356.0111111111111
4134690,36.013611833333336,129.31971149999998,100.19971412688642,134.46467927565845,0.0,65535.0,,-1.12109375,0.0390625,-0.63671875,0.357421875,0.11328125,0.017578125,356.0111111111111,356.0,356.0111111111111
4134691,,,,,,,,-1.12109375,0.0390625,-0.63671875,0.357421875,0.11328125,0.017578125,356.0111111111111,356.0,356.0111111111111
4134692,,,,,,,,-1.12109375,0.0390625,-0.63671875,0.41015625,0.109375,-0.00390625,356.0111111111111,356.0,356.0111111111111
4134693,,,,,,,,-1.12109375,0.0390625,-0.63671875,0.41015625,0.109375,-0.00390625,356.0111111111111,356.0,356.0111111111111
4134694,,,,,,,,-1.12109375,0.0390625,-0.63671875,0.455078125,0.08203125,-0.05859375,356.0111111111111,356.0,356.0111111111111
4134695,,,,,,,,-1.12109375,0.0390625,-0.63671875,0.455078125,0.08203125,-0.05859375,356.0111111111111,356.0,356.0111111111111
4134696,,,,,,,,-1.12109375,0.0390625,-0.63671875,0.451171875,0.044921875,-0.08984375,356.0111111111111,356.0,356.0111111111111
4134697,,,,,,,,-0.18359375,-1.1640625,-0.03515625,0.451171875,0.044921875,-0.08984375,356.0111111111111,356.0,356.0111111111111
4134698,,,,,,,,-0.18359375,-1.1640625,-0.03515625,0.451171875,0.044921875,-0.08984375,356.0111111111111,356.0,356.0111111111111
4134699,,,,,,,,-0.18359375,-1.1640625,-0.03515625,0.44921875,0.044921875,-0.111328125,356.0111111111111,356.0,356.0111111111111
4134700,36.013611999999995,129.31971133333334,100.18468922053944,134.4831723120062,0.0,65535.0,48.0,-0.18359375,-1.1640625,-0.03515625,0.44921875,0.044921875,-0.111328125,356.0111111111111,356.0,356.0111111111111
4134701,,,,,,,,-0.18359375,-1.1640625,-0.03515625,0.44921875,0.044921875,-0.111328125,356.0111111111111,356.0,356.0111111111111
4134702,,,,,,,,-0.18359375,-1.1640625,-0.03515625,0.34375,0.01171875,-0.0703125,356.0111111111111,356.0,356.0111111111111
4134703,,,,,,,,-0.18359375,-1.1640625,-0.03515625,0.34375,0.01171875,-0.0703125,356.0111111111111,356.0,356.0111111111111
4134704,,,,,,,,-0.18359375,-1.1640625,-0.03515625,0.359375,-0.201171875,0.078125,356.0111111111111,356.0,356.0111111111111
4134705,,,,,,,,-0.18359375,-1.1640625,-0.03515625,0.359375,-0.201171875,0.078125,356.0111111111111,356.0,356.0111111111111
4134706,,,,,,,,-0.18359375,-1.1640625,-0.03515625,0.3984375,-0.15234375,0.01171875,356.0111111111111,356.0,356.0111111111111
4134707,,,,,,,,-0.18359375,-1.1640625,-0.03515625,0.3984375,-0.15234375,0.01171875,356.0111111111111,356.0,356.0111111111111
4134708,,,,,,,,-0.18359375,-1.1640625,-0.03515625,0.357421875,-0.123046875,-0.044921875,356.0111111111111,356.0,356.0111111111111
4134709,,,,,,,,-0.22265625,-0.015625,-0.05859375,0.357421875,-0.123046875,-0.044921875,356.0111111111111,356.0,356.0111111111111
4134710,36.013611999999995,129.31971116666668,100.16966452200468,134.4831721406153,0.0,65535.0,,-0.22265625,-0.015625,-0.05859375,0.357421875,-0.123046875,-0.044921875,356.0111111111111,356.0,356.0111111111111
4134711,,,,,,,,-0.22265625,-0.015625,-0.05859375,0.357421875,-0.123046875,-0.044921875,356.0111111111111,356.0,356.0111111111111
4134712,,,,,,,,-0.22265625,-0.015625,-0.05859375,0.296875,-0.142578125,-0.015625,356.0111111111111,356.0,356.0111111111111
4134713,,,,,,,,-0.22265625,-0.015625,-0.05859375,0.296875,-0.142578125,-0.015625,356.0111111111111,356.0,356.0111111111111
4134714,,,,,,,,-0.22265625,-0.015625,-0.05859375,0.26171875,-0.134765625,-0.017578125,356.0111111111111,356.0,356.0111111111111
4134715,,,,,,,,-0.22265625,-0.015625,-0.05859375,0.26171875,-0.134765625,-0.017578125,356.0111111111111,356.0,356.0111111111111
4134716,,,,,,,,-0.22265625,-0.015625,-0.05859375,0.220703125,-0.12109375,0.029296875,356.0111111111111,356.0,356.0111111111111
4134717,,,,,,,,-0.22265625,-0.015625,-0.05859375,0.220703125,-0.12109375,0.029296875,356.0111111111111,356.0,356.0111111111111
4134718,,,,,,,,-0.22265625,-0.015625,-0.05859375,0.205078125,-0.173828125,0.0703125,356.0111111111111,356.0,356.0111111111111
4134719,,,,,,,,-0.22265625,-0.015625,-0.05859375,0.205078125,-0.173828125,0.0703125,356.0111111111111,356.0,356.0111111111111
4134720,36.013612333333334,129.31971083333335,100.13961470243163,134.52015821636064,0.1,65535.0,,-0.22265625,-0.015625,-0.05859375,0.16015625,-0.1796875,0.078125,356.0111111111111,356.0,356.0111111111111
4134721,,,,,,,,-0.22265625,-0.015625,-0.05859375,0.16015625,-0.1796875,0.078125,356.0111111111111,356.0,356.0111111111111
4134722,,,,,,,,-0.22265625,-0.015625,-0.05859375,0.099609375,-0.19140625,0.07421875,356.0111111111111,356.0,356.0111111111111
4134723,,,,,,,,-0.22265625,-0.015625,-0.05859375,0.099609375,-0.19140625,0.07421875,356.0111111111111,356.0,356.0111111111111
4134724,,,,,,,,-0.22265625,-0.015625,-0.05859375,0.037109375,-0.19140625,0.05078125,356.0111111111111,356.0,356.0111111111111
4134725,,,,,,,,-0.40234375,0.28515625,0.375,0.037109375,-0.19140625,0.05078125,356.0111111111111,356.0,356.0111111111111
4134726,,,,,,,,-0.40234375,0.28515625,0.375,0.037109375,-0.19140625,0.05078125,356.0111111111111,356.0,356.0111111111111
4134727,,,,,,,,-0.40234375,0.28515625,0.375,0.0,-0.216796875,0.017578125,356.0111111111111,356.0,356.0111111111111
4134728,,,,,,,,-0.40234375,0.28515625,0.375,0.0,-0.216796875,0.017578125,356.0111111111111,356.0,356.0111111111111
4134729,,,,,,,,-0.40234375,0.28515625,0.375,-0.048828125,-0.185546875,0.013671875,356.0111111111111,356.0,356.0111111111111
4134730,36.013612333333334,129.31971083333335,100.13961470243163,134.52015821636064,0.1,65535.0,,-0.40234375,0.28515625,0.375,-0.048828125,-0.185546875,0.013671875,356.0111111111111,356.0,356.0111111111111
4134731,,,,,,,,-0.40234375,0.28515625,0.375,-0.109375,-0.15234375,0.037109375,356.0111111111111,356.0,356.0111111111111
4134732,,,,,,,,-0.40234375,0.28515625,0.375,-0.109375,-0.15234375,0.037109375,356.0111111111111,356.0,356.0111111111111
4134733,,,,,,,,-0.40234375,0.28515625,0.375,-0.142578125,-0.171875,0.048828125,356.0111111111111,356.0,356.0111111111111
4134734,,,,,,,,-0.40234375,0.28515625,0.375,-0.142578125,-0.171875,0.048828125,356.0111111111111,356.0,356.0111111111111
4134735,,,,,,,,-0.40234375,0.28515625,0.375,-0.154296875,-0.185546875,0.048828125,356.0111111111111,356.0,356.0111111111111
4134736,,,,,,,,-0.40234375,0.28515625,0.375,-0.154296875,-0.185546875,0.048828125,356.0111111111111,356.0,356.0111111111111
4134737,,,,,,,,-0.40234375,0.28515625,0.375,-0.154296875,-0.21484375,0.09375,356.0111111111111,356.0,356.0111111111111
4134738,,,,,,,,-0.40234375,0.28515625,0.375,-0.154296875,-0.21484375,0.09375,356.0111111111111,356.0,356.0111111111111
4134739,,,,,,,,-0.40234375,0.28515625,0.375,-0.12890625,-0.20703125,0.08203125,356.0111111111111,356.0,356.0111111111111
4134740,36.0136125,129.31971083333335,100.1396144915727,134.5386514252581,0.0,65535.0,,-0.18359375,-0.12109375,-0.3984375,-0.12890625,-0.20703125,0.08203125,356.0111111111111,356.0,356.0111111111111
4134741,,,,,,,,-0.18359375,-0.12109375,-0.3984375,-0.12890625,-0.20703125,0.08203125,356.0111111111111,356.0,356.0111111111111
4134742,,,,,,,,-0.18359375,-0.12109375,-0.3984375,-0.146484375,-0.154296875,0.0703125,356.0111111111111,356.0,356.0111111111111
4134743,,,,,,,,-0.18359375,-0.12109375,-0.3984375,-0.146484375,-0.154296875,0.0703125,356.0111111111111,356.0,356.0111111111111
4134744,,,,,,,,-0.18359375,-0.12109375,-0.3984375,-0.13671875,-0.111328125,0.048828125,356.0111111111111,356.0,356.0111111111111
4134745,,,,,,,,-0.18359375,-0.12109375,-0.3984375,-0.13671875,-0.111328125,0.048828125,356.0111111111111,356.0,356.0111111111111
4134746,,,,,,,,-0.18359375,-0.12109375,-0.3984375,-0.08984375,-0.01171875,-0.005859375,356.0111111111111,356.0,356.0111111111111
4134747,,,,,,,,-0.18359375,-0.12109375,-0.3984375,-0.08984375,-0.01171875,-0.005859375,356.0111111111111,356.0,356.0111111111111
4134748,,,,,,,,-0.18359375,-0.12109375,-0.3984375,-0.06640625,0.060546875,-0.052734375,356.0111111111111,356.0,356.0111111111111
4134749,,,,,,,,-0.18359375,-0.12109375,-0.3984375,-0.06640625,0.060546875,-0.052734375,356.0111111111111,356.0,356.0111111111111
4134750,36.0136125,129.31971066666668,100.12458979267771,134.53865125404067,0.0,65535.0,,-0.18359375,-0.12109375,-0.3984375,-0.103515625,0.115234375,-0.087890625,356.0111111111111,356.0,356.0111111111111
4134751,,,,,,,,-0.18359375,-0.12109375,-0.3984375,-0.103515625,0.115234375,-0.087890625,356.0111111111111,356.0,356.0111111111111
4134752,,,,,,,,-0.18359375,-0.12109375,-0.3984375,-0.1015625,0.181640625,-0.091796875,356.0111111111111,356.0,356.0111111111111
4134753,,,,,,,,-0.18359375,-0.12109375,-0.3984375,-0.1015625,0.181640625,-0.091796875,356.0111111111111,356.0,356.0111111111111
4134754,,,,,,,,-0.18359375,-0.12109375,-0.3984375,-0.1328125,0.1796875,-0.072265625,356.0111111111111,356.0,356.0111111111111
4134755,,,,,,,,-0.328125,-0.60546875,-0.44921875,-0.1328125,0.1796875,-0.072265625,356.0111111111111,356.0,356.0111111111111
4134756,,,,,,,,-0.328125,-0.60546875,-0.44921875,-0.1328125,0.1796875,-0.072265625,356.0111111111111,356.0,356.0111111111111
4134757,,,,,,,,-0.328125,-0.60546875,-0.44921875,-0.1328125,0.115234375,-0.005859375,356.0111111111111,356.0,356.0111111111111
4134758,,,,,,,,-0.328125,-0.60546875,-0.44921875,-0.1328125,0.115234375,-0.005859375,356.0111111111111,356.0,356.0111111111111
4134759,,,,,,,,-0.328125,-0.60546875,-0.44921875,-0.146484375,0.060546875,0.01953125,356.0111111111111,356.0,356.0111111111111
4134760,36.01361266666667,129.31971066666668,100.12458958181877,134.55714446256147,0.0,65535.0,,-0.328125,-0.60546875,-0.44921875,-0.146484375,0.060546875,0.01953125,356.0111111111111,356.0,356.0111111111111
4134761,,,,,,,,-0.328125,-0.60546875,-0.44921875,-0.185546875,0.00390625,0.083984375,356.0111111111111,356.0,356.0111111111111
4134762,,,,,,,,-0.328125,-0.60546875,-0.44921875,-0.185546875,0.00390625,0.083984375,356.0111111111111,356.0,356.0111111111111
4134763,,,,,,,,-0.328125,-0.60546875,-0.44921875,-0.255859375,-0.0390625,0.125,356.0111111111111,356.0,356.0111111111111
4134764,,,,,,,,-0.328125,-0.60546875,-0.44921875,-0.255859375,-0.0390625,0.125,356.0111111111111,356.0,356.0111111111111
4134765,,,,,,,,-0.328125,-0.60546875,-0.44921875,-0.1875,-0.099609375,0.162109375,356.0111111111111,356.0,356.0111111111111
4134766,,,,,,,,-0.328125,-0.60546875,-0.44921875,-0.1875,-0.099609375,0.162109375,356.0111111111111,356.0,356.0111111111111
4134767,,,,,,,,-0.328125,-0.60546875,-0.44921875,-0.109375,-0.123046875,0.099609375,356.0111111111111,356.0,356.0111111111111
4134768,,,,,,,,-0.328125,-0.60546875,-0.44921875,-0.109375,-0.123046875,0.099609375,356.0111111111111,356.0,356.0111111111111
4134769,,,,,,,,-0.328125,-0.60546875,-0.44921875,0.03125,0.029296875,-0.017578125,356.0111111111111,356.0,356.0111111111111
4134770,36.01361283333333,129.31971066666668,100.1245893711897,134.57563767205602,0.0,65535.0,,1.52734375,-0.46484375,-4.5,0.03125,0.029296875,-0.017578125,356.0111111111111,356.0,356.0111111111111
4134771,,,,,,,,1.52734375,-0.46484375,-4.5,0.03125,0.029296875,-0.017578125,356.0111111111111,356.0,356.0111111111111
4134772,,,,,,,,1.52734375,-0.46484375,-4.5,0.01953125,0.05078125,-0.046875,356.0111111111111,356.0,356.0111111111111
4134773,,,,,,,,1.52734375,-0.46484375,-4.5,0.01953125,0.05078125,-0.046875,356.0111111111111,356.0,356.0111111111111
4134774,,,,,,,,1.52734375,-0.46484375,-4.5,0.115234375,-0.021484375,-0.044921875,356.0111111111111,356.0,356.0111111111111
4134775,,,,,,,,1.52734375,-0.46484375,-4.5,0.115234375,-0.021484375,-0.044921875,356.0111111111111,356.0,356.0111111111111
4134776,,,,,,,,1.52734375,-0.46484375,-4.5,0.29296875,-0.142578125,-0.005859375,356.0111111111111,356.0,356.0111111111111
4134777,,,,,,,,1.52734375,-0.46484375,-4.5,0.29296875,-0.142578125,-0.005859375,356.0111111111111,356.0,356.0111111111111
4134778,,,,,,,,1.52734375,-0.46484375,-4.5,0.529296875,-0.212890625,0.00390625,356.0111111111111,356.0,356.0111111111111
4134779,,,,,,,,1.52734375,-0.46484375,-4.5,0.529296875,-0.212890625,0.00390625,356.0111111111111,356.0,356.0111111111111
4134780,36.01361283333333,129.31971066666668,100.1245893711897,134.57563767205602,0.0,65535.0,,1.52734375,-0.46484375,-4.5,0.798828125,-0.1875,-0.01953125,356.0111111111111,356.0,356.0111111111111
4134781,,,,,,,,1.52734375,-0.46484375,-4.5,0.798828125,-0.1875,-0.01953125,356.0111111111111,356.0,356.0111111111111
4134782,,,,,,,,1.52734375,-0.46484375,-4.5,1.1328125,-0.1640625,0.0703125,356.0111111111111,356.0,356.0111111111111
4134783,,,,,,,,1.52734375,-0.46484375,-4.5,1.1328125,-0.1640625,0.0703125,356.0111111111111,356.0,356.0111111111111
4134784,,,,,,,,1.52734375,-0.46484375,-4.5,1.38671875,0.068359375,0.3671875,356.0111111111111,356.0,356.0111111111111
4134785,,,,,,,,3.39453125,-6.953125,-1.2578125,1.38671875,0.068359375,0.3671875,356.0111111111111,356.0,356.0111111111111
4134786,,,,,,,,3.39453125,-6.953125,-1.2578125,1.38671875,0.068359375,0.3671875,356.0111111111111,356.0,356.0111111111111
4134787,,,,,,,,3.39453125,-6.953125,-1.2578125,0.849609375,0.39453125,0.44921875,356.0111111111111,356.0,356.0111111111111
4134788,,,,,,,,3.39453125,-6.953125,-1.2578125,0.849609375,0.39453125,0.44921875,356.0111111111111,356.0,356.0111111111111
4134789,,,,,,,,3.39453125,-6.953125,-1.2578125,0.701171875,-0.1796875,0.310546875,356.0111111111111,356.0,356.0111111111111
4134790,36.01361266666667,129.31971016666665,100.07951548578907,134.5571439489475,0.2,65535.0,,3.39453125,-6.953125,-1.2578125,0.701171875,-0.1796875,0.310546875,356.0111111111111,356.0,356.0111111111111
4134791,,,,,,,,3.39453125,-6.953125,-1.2578125,0.16796875,-0.40234375,0.796875,356.0111111111111,356.0,356.0111111111111
4134792,,,,,,,,3.39453125,-6.953125,-1.2578125,0.16796875,-0.40234375,0.796875,356.0111111111111,356.0,356.0111111111111
4134793,,,,,,,,3.39453125,-6.953125,-1.2578125,-0.578125,-0.421875,1.69921875,356.0111111111111,356.0,356.0111111111111
4134794,,,,,,,,3.39453125,-6.953125,-1.2578125,-0.578125,-0.421875,1.69921875,356.0111111111111,356.0,356.0111111111111
4134795,,,,,,,,3.39453125,-6.953125,-1.2578125,-1.0234375,-0.82421875,2.310546875,356.0111111111111,356.0,356.0111111111111
4134796,,,,,,,,3.39453125,-6.953125,-1.2578125,-1.0234375,-0.82421875,2.310546875,356.0111111111111,356.0,356.0111111111111
4134797,,,,,,,,3.39453125,-6.953125,-1.2578125,-1.451171875,-1.2890625,2.638671875,356.0111111111111,356.0,356.0111111111111
4134798,,,,,,,,3.39453125,-6.953125,-1.2578125,-1.451171875,-1.2890625,2.638671875,356.0111111111111,356.0,356.0111111111111
4134799,,,,,,,,3.39453125,-6.953125,-1.2578125,-0.8828125,-2.458984375,2.568359375,356.0111111111111,356.0,356.0111111111111
4134800,36.01361083333334,129.31970783333333,99.86917202225115,134.35371625897304,1.2000000000000002,227.0,48.0,3.39453125,-6.953125,-1.2578125,-0.8828125,-2.458984375,2.568359375,356.0111111111111,356.0,356.0111111111111
4134801,,,,,,,,3.39453125,-6.953125,-1.2578125,-0.8828125,-2.458984375,2.568359375,356.0111111111111,356.0,356.0111111111111
4134802,,,,,,,,6.828125,-11.14453125,-0.57421875,-0.8828125,-2.458984375,2.568359375,356.0111111111111,356.0,356.0111111111111
4134803,,,,,,,,6.828125,-11.14453125,-0.57421875,-0.8828125,-2.458984375,2.568359375,356.0111111111111,356.0,356.0111111111111
4134804,,,,,,,,6.828125,-11.14453125,-0.57421875,-0.8828125,-2.458984375,2.568359375,356.0111111111111,356.0,356.0111111111111
4134805,,,,,,,,6.828125,-11.14453125,-0.57421875,-0.830078125,1.1171875,-2.388671875,356.0111111111111,356.0,356.0111111111111
4134806,,,,,,,,6.828125,-11.14453125,-0.57421875,-0.830078125,1.1171875,-2.388671875,356.0111111111111,356.0,356.0111111111111
4134807,,,,,,,,6.828125,-11.14453125,-0.57421875,-0.19921875,0.65234375,-2.107421875,356.0111111111111,356.0,356.0111111111111
4134808,,,,,,,,6.828125,-11.14453125,-0.57421875,-0.19921875,0.65234375,-2.107421875,356.0111111111111,356.0,356.0111111111111
4134809,,,,,,,,6.828125,-11.14453125,-0.57421875,-0.11328125,0.1171875,-2.07421875,356.0111111111111,356.0,356.0111111111111
4134810,36.01360733333333,129.31970416666667,99.53863305217708,133.96535512163268,2.3000000000000003,219.0,,6.828125,-11.14453125,-0.57421875,-0.11328125,0.1171875,-2.07421875,356.0111111111111,356.0,356.0111111111111
4134811,,,,,,,,6.828125,-11.14453125,-0.57421875,-1.560546875,0.240234375,-1.162109375,356.0111111111111,356.0,356.0111111111111
4134812,,,,,,,,6.828125,-11.14453125,-0.57421875,-1.560546875,0.240234375,-1.162109375,356.0111111111111,356.0,356.0111111111111
4134813,,,,,,,,6.828125,-11.14453125,-0.57421875,0.353515625,1.943359375,-0.52734375,356.0111111111111,356.0,356.0111111111111
4134814,,,,,,,,6.828125,-11.14453125,-0.57421875,0.353515625,1.943359375,-0.52734375,356.0111111111111,356.0,356.0111111111111
4134815,,,,,,,,6.828125,-11.14453125,-0.57421875,4.02734375,-0.181640625,0.798828125,356.0111111111111,356.0,356.0111111111111
4134816,,,,,,,,-8.9375,7.7109375,-7.390625,4.02734375,-0.181640625,0.798828125,356.0111111111111,356.0,356.0111111111111
4134817,,,,,,,,-8.9375,7.7109375,-7.390625,4.02734375,-0.181640625,0.798828125,356.0111111111111,356.0,356.0111111111111
4134818,,,,,,,,-8.9375,7.7109375,-7.390625,1.455078125,-2.435546875,0.306640625,356.0111111111111,356.0,356.0111111111111
4134819,,,,,,,,-8.9375,7.7109375,-7.390625,1.455078125,-2.435546875,0.306640625,356.0111111111111,356.0,356.0111111111111
4134820,36.01360566666666,129.31970216666664,99.35833875140582,133.7804209923567,2.2,221.0,,-8.9375,7.7109375,-7.390625,-1.83203125,0.7421875,-0.515625,356.0111111111111,356.0,356.0111111111111
4134821,,,,,,,,-8.9375,7.7109375,-7.390625,-1.83203125,0.7421875,-0.515625,356.0111111111111,356.0,356.0111111111111
4134822,,,,,,,,-8.9375,7.7109375,-7.390625,-3.212890625,-1.923828125,0.05078125,356.0111111111111,356.0,356.0111111111111
4134823,,,,,,,,-8.9375,7.7109375,-7.390625,-3.212890625,-1.923828125,0.05078125,356.0111111111111,356.0,356.0111111111111
4134824,,,,,,,,-8.9375,7.7109375,-7.390625,-2.140625,-1.796875,1.181640625,356.0111111111111,356.0,356.0111111111111
4134825,,,,,,,,-8.9375,7.7109375,-7.390625,-2.140625,-1.796875,1.181640625,356.0111111111111,356.0,356.0111111111111
4134826,,,,,,,,-8.9375,7.7109375,-7.390625,-0.025390625,-0.900390625,1.16015625,356.0111111111111,356.0,356.0111111111111
4134827,,,,,,,,-8.9375,7.7109375,-7.390625,-0.025390625,-0.900390625,1.16015625,356.0111111111111,356.0,356.0111111111111
4134828,,,,,,,,-8.9375,7.7109375,-7.390625,-2.923828125,-2.146484375,1.666015625,356.0111111111111,356.0,356.0111111111111
4134829,,,,,,,,-8.9375,7.7109375,-7.390625,-2.923828125,-2.146484375,1.666015625,356.0111111111111,356.0,356.0111111111111
4134830,36.01360316666667,129.31969933333332,99.10292198809444,133.5030199745197,2.7,223.0,,-8.9375,7.7109375,-7.390625,-1.212890625,-2.5078125,2.484375,356.0111111111111,356.0,356.0111111111111
4134831,,,,,,,,-5.07421875,-11.109375,4.67578125,-1.212890625,-2.5078125,2.484375,356.0111111111111,356.0,356.0111111111111
4134832,,,,,,,,-5.07421875,-11.109375,4.67578125,-1.212890625,-2.5078125,2.484375,356.0111111111111,356.0,356.0111111111111
4134833,,,,,,,,-5.07421875,-11.109375,4.67578125,0.494140625,-0.607421875,2.181640625,356.0111111111111,356.0,356.0111111111111
4134834,,,,,,,,-5.07421875,-11.109375,4.67578125,0.494140625,-0.607421875,2.181640625,356.0111111111111,356.0,356.0111111111111
4134835,,,,,,,,-5.07421875,-11.109375,4.67578125,-0.2421875,2.404296875,1.671875,356.0111111111111,356.0,356.0111111111111
4134836,,,,,,,,-5.07421875,-11.109375,4.67578125,-0.2421875,2.404296875,1.671875,356.0111111111111,356.0,356.0111111111111
4134837,,,,,,,,-5.07421875,-11.109375,4.67578125,1.267578125,-0.2421875,1.025390625,356.0111111111111,356.0,356.0111111111111
4134838,,,,,,,,-5.07421875,-11.109375,4.67578125,1.267578125,-0.2421875,1.025390625,356.0111111111111,356.0,356.0111111111111
4134839,,,,,,,,-5.07421875,-11.109375,4.67578125,3.482421875,0.587890625,0.72265625,356.0111111111111,356.0,356.0111111111111
4134840,36.01360183333334,129.31969683333332,98.87755315170355,133.35507176636543,2.8000000000000003,227.0,,-5.07421875,-11.109375,4.67578125,3.482421875,0.587890625,0.72265625,356.0111111111111,356.0,356.0111111111111
4134841,,,,,,,,-5.07421875,-11.109375,4.67578125,4.02734375,-0.3359375,0.42578125,356.0111111111111,356.0,356.0111111111111
4134842,,,,,,,,-5.07421875,-11.109375,4.67578125,4.02734375,-0.3359375,0.42578125,356.0111111111111,356.0,356.0111111111111
4134843,,,,,,,,-5.07421875,-11.109375,4.67578125,2.716796875,1.876953125,-0.052734375,356.0111111111111,356.0,356.0111111111111
4134844,,,,,,,,-5.07421875,-11.109375,4.67578125,2.716796875,1.876953125,-0.052734375,356.0111111111111,356.0,356.0111111111111
4134845,,,,,,,,-5.07421875,-11.109375,4.67578125,-0.490234375,0.669921875,-0.26953125,356.0111111111111,356.0,356.0111111111111
4134846,,,,,,,,3.95703125,14.7421875,-12.3828125,-0.490234375,0.669921875,-0.26953125,356.0111111111111,356.0,356.0111111111111
4134847,,,,,,,,3.95703125,14.7421875,-12.3828125,-0.490234375,0.669921875,-0.26953125,356.0111111111111,356.0,356.0111111111111
4134848,,,,,,,,3.95703125,14.7421875,-12.3828125,-0.490234375,0.669921875,-0.26953125,356.0111111111111,356.0,356.0111111111111
4134849,,,,,,,,3.95703125,14.7421875,-12.3828125,-3.37890625,1.548828125,-0.576171875,356.0111111111111,356.0,356.0111111111111
4134850,36.01359583333333,129.31968899999998,98.17139967344642,132.68930832830938,3.9000000000000004,229.0,,3.95703125,14.7421875,-12.3828125,-3.37890625,1.548828125,-0.576171875,356.0111111111111,356.0,356.0111111111111
4134851,,,,,,,,3.95703125,14.7421875,-12.3828125,-0.98828125,0.103515625,-2.068359375,356.0111111111111,356.0,356.0111111111111
4134852,,,,,,,,3.95703125,14.7421875,-12.3828125,-0.98828125,0.103515625,-2.068359375,356.0111111111111,356.0,356.0111111111111
4134853,,,,,,,,3.95703125,14.7421875,-12.3828125,0.056640625,-0.560546875,-2.546875,356.0111111111111,356.0,356.0111111111111
4134854,,,,,,,,3.95703125,14.7421875,-12.3828125,0.056640625,-0.560546875,-2.546875,356.0111111111111,356.0,356.0111111111111
4134855,,,,,,,,3.95703125,14.7421875,-12.3828125,-3.13671875,2.5234375,-2.365234375,356.0111111111111,356.0,356.0111111111111
4134856,,,,,,,,3.95703125,14.7421875,-12.3828125,-3.13671875,2.5234375,-2.365234375,356.0111111111111,356.0,356.0111111111111
4134857,,,,,,,,3.95703125,14.7421875,-12.3828125,-1.583984375,1.259765625,-2.775390625,356.0111111111111,356.0,356.0111111111111
4134858,,,,,,,,3.95703125,14.7421875,-12.3828125,-1.583984375,1.259765625,-2.775390625,356.0111111111111,356.0,356.0111111111111
4134859,,,,,,,,3.95703125,14.7421875,-12.3828125,-1.37109375,0.306640625,-3.068359375,356.0111111111111,356.0,356.0111111111111
4134860,36.013593666666665,129.3196865,97.94603183182605,132.44889409902765,3.8000000000000003,226.0,,3.95703125,14.7421875,-12.3828125,-1.37109375,0.306640625,-3.068359375,356.0111111111111,356.0,356.0111111111111
4134861,,,,,,,,3.95703125,14.7421875,-12.3828125,-0.154296875,-1.580078125,-1.29296875,356.0111111111111,356.0,356.0111111111111
4134862,,,,,,,,-5.36328125,-1.2109375,-8.2421875,-0.154296875,-1.580078125,-1.29296875,356.0111111111111,356.0,356.0111111111111
4134863,,,,,,,,-5.36328125,-1.2109375,-8.2421875,-0.154296875,-1.580078125,-1.29296875,356.0111111111111,356.0,356.0111111111111
4134864,,,,,,,,-5.36328125,-1.2109375,-8.2421875,-0.154296875,-1.580078125,-1.29296875,356.0111111111111,356.0,356.0111111111111
4134865,,,,,,,,-5.36328125,-1.2109375,-8.2421875,2.84375,2.2109375,0.203125,356.0111111111111,356.0,356.0111111111111
4134866,,,,,,,,-5.36328125,-1.2109375,-8.2421875,2.84375,2.2109375,0.203125,356.0111111111111,356.0,356.0111111111111
4134867,,,,,,,,-5.36328125,-1.2109375,-8.2421875,0.48828125,-2.13671875,-0.123046875,356.0111111111111,356.0,356.0111111111111
4134868,,,,,,,,-5.36328125,-1.2109375,-8.2421875,0.48828125,-2.13671875,-0.123046875,356.0111111111111,356.0,356.0111111111111
4134869,,,,,,,,-5.36328125,-1.2109375,-8.2421875,-2.046875,-0.78125,-0.09765625,356.0111111111111,356.0,356.0111111111111
4134870,36.01359133333334,129.31968233333333,97.57041716046092,132.18998499685,4.0,229.0,,-5.36328125,-1.2109375,-8.2421875,-2.046875,-0.78125,-0.09765625,356.0111111111111,356.0,356.0111111111111
4134871,,,,,,,,-5.36328125,-1.2109375,-8.2421875,-2.189453125,-1.296875,1.015625,356.0111111111111,356.0,356.0111111111111
4134872,,,,,,,,-5.36328125,-1.2109375,-8.2421875,-2.189453125,-1.296875,1.015625,356.0111111111111,356.0,356.0111111111111
4134873,,,,,,,,-5.36328125,-1.2109375,-8.2421875,-0.830078125,-1.884765625,0.935546875,356.0111111111111,356.0,356.0111111111111
4134874,,,,,,,,-5.36328125,-1.2109375,-8.2421875,-0.830078125,-1.884765625,0.935546875,356.0111111111111,356.0,356.0111111111111
4134875,,,,,,,,-5.36328125,-1.2109375,-8.2421875,-2.123046875,-1.984375,1.89453125,356.0111111111111,356.0,356.0111111111111
4134876,,,,,,,,-5.36328125,-1.2109375,-8.2421875,-2.123046875,-1.984375,1.89453125,356.0111111111111,356.0,356.0111111111111
4134877,,,,,,,,-5.36328125,-1.2109375,-8.2421875,-1.04296875,-2.263671875,2.2734375,356.0111111111111,356.0,356.0111111111111
4134878,,,,,,,,-5.6875,-6.0625,5.7265625,-1.04296875,-2.263671875,2.2734375,356.0111111111111,356.0,356.0111111111111
4134879,,,,,,,,-5.6875,-6.0625,5.7265625,-1.04296875,-2.263671875,2.2734375,356.0111111111111,356.0,356.0111111111111
4134880,36.01358866666667,129.31967799999998,97.17977817168006,131.89408932645486,4.4,230.0,,-5.6875,-6.0625,5.7265625,-1.04296875,-2.263671875,2.2734375,356.0111111111111,356.0,356.0111111111111
4134881,,,,,,,,-5.6875,-6.0625,5.7265625,0.703125,-0.873046875,2.798828125,356.0111111111111,356.0,356.0111111111111
4134882,,,,,,,,-5.6875,-6.0625,5.7265625,0.703125,-0.873046875,2.798828125,356.0111111111111,356.0,356.0111111111111
4134883,,,,,,,,-5.6875,-6.0625,5.7265625,0.404296875,-1.96484375,2.52734375,356.0111111111111,356.0,356.0111111111111
4134884,,,,,,,,-5.6875,-6.0625,5.7265625,0.404296875,-1.96484375,2.52734375,356.0111111111111,356.0,356.0111111111111
4134885,,,,,,,,-5.6875,-6.0625,5.7265625,3.5078125,-4.5078125,1.44140625,356.0111111111111,356.0,356.0111111111111
4134886,,,,,,,,-5.6875,-6.0625,5.7265625,3.5078125,-4.5078125,1.44140625,356.0111111111111,356.0,356.0111111111111
4134887,,,,,,,,-5.6875,-6.0625,5.7265625,6.96484375,2.150390625,-0.61328125,356.0111111111111,356.0,356.0111111111111
4134888,,,,,,,,-5.6875,-6.0625,5.7265625,6.96484375,2.150390625,-0.61328125,356.0111111111111,356.0,356.0111111111111
4134889,,,,,,,,-5.6875,-6.0625,5.7265625,2.669921875,2.16796875,-0.154296875,356.0111111111111,356.0,356.0111111111111
4134890,36.01358566666667,129.31967383333333,96.80416426710245,131.56120742223473,4.6000000000000005,230.0,,-5.6875,-6.0625,5.7265625,2.669921875,2.16796875,-0.154296875,356.0111111111111,356.0,356.0111111111111
4134891,,,,,,,,-5.6875,-6.0625,5.7265625,-1.11328125,-0.1015625,0.548828125,356.0111111111111,356.0,356.0111111111111
4134892,,,,,,,,-5.6875,-6.0625,5.7265625,-1.11328125,-0.1015625,0.548828125,356.0111111111111,356.0,356.0111111111111
4134893,,,,,,,,-5.6875,-6.0625,5.7265625,-3.318359375,0.8984375,0.513671875,356.0111111111111,356.0,356.0111111111111
4134894,,,,,,,,-32.71484375,-28.01953125,11.04296875,-3.318359375,0.8984375,0.513671875,356.0111111111111,356.0,356.0111111111111
4134895,,,,,,,,-32.71484375,-28.01953125,11.04296875,-3.318359375,0.8984375,0.513671875,356.0111111111111,356.0,356.0111111111111
4134896,,,,,,,,-32.71484375,-28.01953125,11.04296875,0.43359375,-0.88671875,-1.830078125,356.0111111111111,356.0,356.0111111111111
4134897,,,,,,,,-32.71484375,-28.01953125,11.04296875,0.43359375,-0.88671875,-1.830078125,356.0111111111111,356.0,356.0111111111111
4134898,,,,,,,,-32.71484375,-28.01953125,11.04296875,-2.029296875,3.94921875,-2.3203125,356.0111111111111,356.0,356.0111111111111
4134899,,,,,,,,-32.71484375,-28.01953125,11.04296875,-2.029296875,3.94921875,-2.3203125,356.0111111111111,356.0,356.0111111111111
4134900,36.01357933333334,129.3196655,96.05293678141197,130.85845724371973,4.800000000000001,228.0,48.0,-32.71484375,-28.01953125,11.04296875,-2.029296875,3.94921875,-2.3203125,356.0111111111111,356.0,356.0111111111111
4134901,,,,,,,,-32.71484375,-28.01953125,11.04296875,-2.029296875,3.94921875,-2.3203125,356.0111111111111,356.0,356.0111111111111
4134902,,,,,,,,-32.71484375,-28.01953125,11.04296875,-2.833984375,2.298828125,-2.51953125,356.0111111111111,356.0,356.0111111111111
4134903,,,,,,,,-32.71484375,-28.01953125,11.04296875,-2.833984375,2.298828125,-2.51953125,356.0111111111111,356.0,356.0111111111111
4134904,,,,,,,,-32.71484375,-28.01953125,11.04296875,-0.828125,-2.296875,-0.546875,356.0111111111111,356.0,356.0111111111111
4134905,,,,,,,,13.51953125,-4.24609375,-9.30859375,-0.828125,-2.296875,-0.546875,356.0111111111111,356.0,356.0111111111111
4134906,,,,,,,,13.51953125,-4.24609375,-9.30859375,-0.828125,-2.296875,-0.546875,356.0111111111111,356.0,356.0111111111111
4134907,,,,,,,,13.51953125,-4.24609375,-9.30859375,-1.72265625,2.359375,1.86328125,356.0111111111111,356.0,356.0111111111111
4134908,,,,,,,,13.51953125,-4.24609375,-9.30859375,-1.72265625,2.359375,1.86328125,356.0111111111111,356.0,356.0111111111111
4134909,,,,,,,,13.51953125,-4.24609375,-9.30859375,-4.056640625,-3.31640625,3.087890625,356.0111111111111,356.0,356.0111111111111
4134910,36.01357233333333,129.31965399999999,95.01624055933308,130.08173120193146,5.6000000000000005,232.0,,13.51953125,-4.24609375,-9.30859375,-4.056640625,-3.31640625,3.087890625,356.0111111111111,356.0,356.0111111111111
4134911,,,,,,,,13.51953125,-4.24609375,-9.30859375,-0.880859375,0.27734375,2.447265625,356.0111111111111,356.0,356.0111111111111
4134912,,,,,,,,13.51953125,-4.24609375,-9.30859375,-0.880859375,0.27734375,2.447265625,356.0111111111111,356.0,356.0111111111111
4134913,,,,,,,,13.51953125,-4.24609375,-9.30859375,-0.83203125,1.44140625,1.462890625,356.0111111111111,356.0,356.0111111111111
4134914,,,,,,,,13.51953125,-4.24609375,-9.30859375,-0.83203125,1.44140625,1.462890625,356.0111111111111,356.0,356.0111111111111
4134915,,,,,,,,13.51953125,-4.24609375,-9.30859375,-0.025390625,1.15234375,0.599609375,356.0111111111111,356.0,356.0111111111111
4134916,,,,,,,,13.51953125,-4.24609375,-9.30859375,-0.025390625,1.15234375,0.599609375,356.0111111111111,356.0,356.0111111111111
4134917,,,,,,,,13.51953125,-4.24609375,-9.30859375,3.78125,-1.451171875,0.40625,356.0111111111111,356.0,356.0111111111111
4134918,,,,,,,,13.51953125,-4.24609375,-9.30859375,3.78125,-1.451171875,0.40625,356.0111111111111,356.0,356.0111111111111
4134919,,,,,,,,13.51953125,-4.24609375,-9.30859375,7.064453125,-5.419921875,0.42578125,356.0111111111111,356.0,356.0111111111111
4134920,36.0135695,129.31964950000003,94.61057688808533,129.76734227583842,5.4,231.0,,21.8125,25.3671875,-15.52734375,7.064453125,-5.419921875,0.42578125,356.0111111111111,356.0,356.0111111111111
4134921,,,,,,,,21.8125,25.3671875,-15.52734375,7.064453125,-5.419921875,0.42578125,356.0111111111111,356.0,356.0111111111111
4134922,,,,,,,,21.8125,25.3671875,-15.52734375,-0.7890625,5.62890625,-0.916015625,356.0111111111111,356.0,356.0111111111111
4134923,,,,,,,,21.8125,25.3671875,-15.52734375,-0.7890625,5.62890625,-0.916015625,356.0111111111111,356.0,356.0111111111111
4134924,,,,,,,,21.8125,25.3671875,-15.52734375,-3.123046875,-1.71484375,0.06640625,356.0111111111111,356.0,356.0111111111111
4134925,,,,,,,,21.8125,25.3671875,-15.52734375,-3.123046875,-1.71484375,0.06640625,356.0111111111111,356.0,356.0111111111111
4134926,,,,,,,,21.8125,25.3671875,-15.52734375,0.23046875,-1.46875,0.08203125,356.0111111111111,356.0,356.0111111111111
4134927,,,,,,,,21.8125,25.3671875,-15.52734375,0.23046875,-1.46875,0.08203125,356.0111111111111,356.0,356.0111111111111
4134928,,,,,,,,21.8125,25.3671875,-15.52734375,0.05859375,3.66015625,-0.8515625,356.0111111111111,356.0,356.0111111111111
4134929,,,,,,,,21.8125,25.3671875,-15.52734375,0.05859375,3.66015625,-0.8515625,356.0111111111111,356.0,356.0111111111111
4134930,36.013565666666665,129.31964383333334,94.09974142265426,129.3419929891131,5.7,231.0,,21.8125,25.3671875,-15.52734375,-3.7578125,2.986328125,-3.419921875,356.0111111111111,356.0,356.0111111111111
4134931,,,,,,,,21.8125,25.3671875,-15.52734375,-3.7578125,2.986328125,-3.419921875,356.0111111111111,356.0,356.0111111111111
4134932,,,,,,,,21.8125,25.3671875,-15.52734375,-3.73828125,1.765625,-2.951171875,356.0111111111111,356.0,356.0111111111111
4134933,,,,,,,,21.8125,25.3671875,-15.52734375,-3.73828125,1.765625,-2.951171875,356.0111111111111,356.0,356.0111111111111
4134934,,,,,,,,21.8125,25.3671875,-15.52734375,-3.2421875,0.931640625,-2.36328125,356.0111111111111,356.0,356.0111111111111
4134935,,,,,,,,-1.61328125,-3.3984375,1.25,-3.2421875,0.931640625,-2.36328125,356.0111111111111,356.0,356.0111111111111
4134936,,,,,,,,-1.61328125,-3.3984375,1.25,-3.2421875,0.931640625,-2.36328125,356.0111111111111,356.0,356.0111111111111
4134937,,,,,,,,-1.61328125,-3.3984375,1.25,-1.265625,-0.841796875,-0.7734375,356.0111111111111,356.0,356.0111111111111
4134938,,,,,,,,-1.61328125,-3.3984375,1.25,-1.265625,-0.841796875,-0.7734375,356.0111111111111,356.0,356.0111111111111
4134939,,,,,,,,-1.61328125,-3.3984375,1.25,2.15625,0.06640625,1.0078125,356.0111111111111,356.0,356.0111111111111
4134940,36.013561333333335,129.31963883333336,93.64900533205937,128.8611647469424,6.0,227.0,,-1.61328125,-3.3984375,1.25,2.15625,0.06640625,1.0078125,356.0111111111111,356.0,356.0111111111111
4134941,,,,,,,,-1.61328125,-3.3984375,1.25,4.0078125,1.498046875,1.404296875,356.0111111111111,356.0,356.0111111111111
4134942,,,,,,,,-1.61328125,-3.3984375,1.25,4.0078125,1.498046875,1.404296875,356.0111111111111,356.0,356.0111111111111
4134943,,,,,,,,-1.61328125,-3.3984375,1.25,1.943359375,-0.2890625,-0.419921875,356.0111111111111,356.0,356.0111111111111
4134944,,,,,,,,-1.61328125,-3.3984375,1.25,1.943359375,-0.2890625,-0.419921875,356.0111111111111,356.0,356.0111111111111
4134945,,,,,,,,-1.61328125,-3.3984375,1.25,-0.01171875,-3.095703125,-0.8828125,356.0111111111111,356.0,356.0111111111111
4134946,,,,,,,,-1.61328125,-3.3984375,1.25,-0.01171875,-3.095703125,-0.8828125,356.0111111111111,356.0,356.0111111111111
4134947,,,,,,,,-1.61328125,-3.3984375,1.25,-3.244140625,-4.83984375,-0.03515625,356.0111111111111,356.0,356.0111111111111
4134948,,,,,,,,-1.61328125,-3.3984375,1.25,-3.244140625,-4.83984375,-0.03515625,356.0111111111111,356.0,356.0111111111111
4134949,,,,,,,,-1.61328125,-3.3984375,1.25,-1.015625,1.2578125,-1.255859375,356.0111111111111,356.0,356.0111111111111
4134950,36.013557999999996,129.31963349999998,93.16821859330808,128.49129546008209,5.800000000000001,229.0,,10.3046875,-12.01171875,1.8125,-1.015625,1.2578125,-1.255859375,356.0111111111111,356.0,356.0111111111111
4134951,,,,,,,,10.3046875,-12.01171875,1.8125,-1.015625,1.2578125,-1.255859375,356.0111111111111,356.0,356.0111111111111
4134952,,,,,,,,10.3046875,-12.01171875,1.8125,-1.015625,1.2578125,-1.255859375,356.0111111111111,356.0,356.0111111111111
4134953,,,,,,,,10.3046875,-12.01171875,1.8125,-0.857421875,-0.67578125,2.5390625,356.0111111111111,356.0,356.0111111111111
4134954,,,,,,,,10.3046875,-12.01171875,1.8125,-0.857421875,-0.67578125,2.5390625,356.0111111111111,356.0,356.0111111111111
4134955,,,,,,,,10.3046875,-12.01171875,1.8125,-4.08203125,-3.12109375,2.796875,356.0111111111111,356.0,356.0111111111111
4134956,,,,,,,,10.3046875,-12.01171875,1.8125,-4.08203125,-3.12109375,2.796875,356.0111111111111,356.0,356.0111111111111
4134957,,,,,,,,10.3046875,-12.01171875,1.8125,-1.884765625,-0.86328125,1.212890625,356.0111111111111,356.0,356.0111111111111
4134958,,,,,,,,10.3046875,-12.01171875,1.8125,-1.884765625,-0.86328125,1.212890625,356.0111111111111,356.0,356.0111111111111
4134959,,,,,,,,10.3046875,-12.01171875,1.8125,-2.251953125,1.01171875,0.6171875,356.0111111111111,356.0,356.0111111111111
4134960,36.01355083333333,129.31962266666667,92.19162087738196,127.69607718591887,5.7,231.0,,10.3046875,-12.01171875,1.8125,-2.251953125,1.01171875,0.6171875,356.0111111111111,356.0,356.0111111111111
4134961,,,,,,,,10.3046875,-12.01171875,1.8125,1.7421875,-2.857421875,1.630859375,356.0111111111111,356.0,356.0111111111111
4134962,,,,,,,,10.3046875,-12.01171875,1.8125,1.7421875,-2.857421875,1.630859375,356.0111111111111,356.0,356.0111111111111
4134963,,,,,,,,10.3046875,-12.01171875,1.8125,8.025390625,-2.04296875,-1.046875,356.0111111111111,356.0,356.0111111111111
4134964,,,,,,,,10.3046875,-12.01171875,1.8125,8.025390625,-2.04296875,-1.046875,356.0111111111111,356.0,356.0111111111111
4134965,,,,,,,,10.3046875,-12.01171875,1.8125,4.62109375,2.546875,-0.201171875,356.0111111111111,356.0,356.0111111111111
4134966,,,,,,,,3.83203125,27.109375,-11.04296875,4.62109375,2.546875,-0.201171875,356.0111111111111,356.0,356.0111111111111
4134967,,,,,,,,3.83203125,27.109375,-11.04296875,4.62109375,2.546875,-0.201171875,356.0111111111111,356.0,356.0111111111111
4134968,,,,,,,,3.83203125,27.109375,-11.04296875,4.62109375,2.546875,-0.201171875,356.0111111111111,356.0,356.0111111111111
4134969,,,,,,,,3.83203125,27.109375,-11.04296875,-0.2265625,2.07421875,0.51171875,356.0111111111111,356.0,356.0111111111111
4134970,36.01354633333334,129.31961666666666,91.6507365223344,127.19675489294414,6.0,231.0,,3.83203125,27.109375,-11.04296875,-0.2265625,2.07421875,0.51171875,356.0111111111111,356.0,356.0111111111111
4134971,,,,,,,,3.83203125,27.109375,-11.04296875,-0.673828125,0.359375,-0.7578125,356.0111111111111,356.0,356.0111111111111
4134972,,,,,,,,3.83203125,27.109375,-11.04296875,-0.673828125,0.359375,-0.7578125,356.0111111111111,356.0,356.0111111111111
4134973,,,,,,,,3.83203125,27.109375,-11.04296875,0.90234375,4.92578125,-0.119140625,356.0111111111111,356.0,356.0111111111111
4134974,,,,,,,,3.83203125,27.109375,-11.04296875,0.90234375,4.92578125,-0.119140625,356.0111111111111,356.0,356.0111111111111
4134975,,,,,,,,3.83203125,27.109375,-11.04296875,-1.689453125,3.4453125,-3.916015625,356.0111111111111,356.0,356.0111111111111
4134976,,,,,,,,3.83203125,27.109375,-11.04296875,-1.689453125,3.4453125,-3.916015625,356.0111111111111,356.0,356.0111111111111
4134977,,,,,,,,3.83203125,27.109375,-11.04296875,-3.8828125,3.42578125,-2.962890625,356.0111111111111,356.0,356.0111111111111
4134978,,,,,,,,3.83203125,27.109375,-11.04296875,-3.8828125,3.42578125,-2.962890625,356.0111111111111,356.0,356.0111111111111
4134979,,,,,,,,3.83203125,27.109375,-11.04296875,-3.568359375,2.38671875,-2.50390625,356.0111111111111,356.0,356.0111111111111
4134980,36.013541333333336,129.31961099999998,91.13990210750133,126.64195332042172,6.5,227.0,,3.83203125,27.109375,-11.04296875,-3.568359375,2.38671875,-2.50390625,356.0111111111111,356.0,356.0111111111111
4134981,,,,,,,,3.83203125,27.109375,-11.04296875,-1.681640625,1.224609375,-2.267578125,356.0111111111111,356.0,356.0111111111111
4134982,,,,,,,,-11.1484375,-19.84375,-0.2734375,-1.681640625,1.224609375,-2.267578125,356.0111111111111,356.0,356.0111111111111
4134983,,,,,,,,-11.1484375,-19.84375,-0.2734375,-1.681640625,1.224609375,-2.267578125,356.0111111111111,356.0,356.0111111111111
4134984,,,,,,,,-11.1484375,-19.84375,-0.2734375,-1.681640625,1.224609375,-2.267578125,356.0111111111111,356.0,356.0111111111111
4134985,,,,,,,,-11.1484375,-19.84375,-0.2734375,-0.421875,-1.388671875,-0.462890625,356.0111111111111,356.0,356.0111111111111
4134986,,,,,,,,-11.1484375,-19.84375,-0.2734375,-0.421875,-1.388671875,-0.462890625,356.0111111111111,356.0,356.0111111111111
4134987,,,,,,,,-11.1484375,-19.84375,-0.2734375,4.880859375,3.25,0.59375,356.0111111111111,356.0,356.0111111111111
4134988,,,,,,,,-11.1484375,-19.84375,-0.2734375,4.880859375,3.25,0.59375,356.0111111111111,356.0,356.0111111111111
4134989,,,,,,,,-11.1484375,-19.84375,-0.2734375,3.93359375,0.435546875,-0.60546875,356.0111111111111,356.0,356.0111111111111
4134990,36.013537,129.31960533333333,90.62906686679888,126.1611246106561,6.4,227.0,,-11.1484375,-19.84375,-0.2734375,3.93359375,0.435546875,-0.60546875,356.0111111111111,356.0,356.0111111111111
4134991,,,,,,,,-11.1484375,-19.84375,-0.2734375,1.095703125,-6.703125,-0.521484375,356.0111111111111,356.0,356.0111111111111
4134992,,,,,,,,-11.1484375,-19.84375,-0.2734375,1.095703125,-6.703125,-0.521484375,356.0111111111111,356.0,356.0111111111111
4134993,,,,,,,,-11.1484375,-19.84375,-0.2734375,-5.171875,-3.265625,0.42578125,356.0111111111111,356.0,356.0111111111111
4134994,,,,,,,,-11.1484375,-19.84375,-0.2734375,-5.171875,-3.265625,0.42578125,356.0111111111111,356.0,356.0111111111111
4134995,,,,,,,,-11.1484375,-19.84375,-0.2734375,0.330078125,-4.556640625,0.13671875,356.0111111111111,356.0,356.0111111111111
4134996,,,,,,,,-11.1484375,-19.84375,-0.2734375,0.330078125,-4.556640625,0.13671875,356.0111111111111,356.0,356.0111111111111
4134997,,,,,,,,-11.1484375,-19.84375,-0.2734375,2.470703125,-2.130859375,2.74609375,356.0111111111111,356.0,356.0111111111111
4134998,,,,,,,,-2.13671875,7.546875,-3.8515625,2.470703125,-2.130859375,2.74609375,356.0111111111111,356.0,356.0111111111111
4134999,,,,,,,,-2.13671875,7.546875,-3.8515625,2.470703125,-2.130859375,2.74609375,356.0111111111111,356.0,356.0111111111111
4135000,36.013529166666665,129.31959383333333,89.59237055634132,125.29193317316668,6.5,230.0,48.0,-2.13671875,7.546875,-3.8515625,-4.41015625,-3.474609375,3.265625,356.0111111111111,356.0,356.0111111111111
4135001,,,,,,,,-2.13671875,7.546875,-3.8515625,-4.41015625,-3.474609375,3.265625,356.0111111111111,356.0,356.0111111111111
4135002,,,,,,,,-2.13671875,7.546875,-3.8515625,-4.41015625,-3.474609375,3.265625,356.0111111111111,356.0,356.0111111111111
4135003,,,,,,,,-2.13671875,7.546875,-3.8515625,0.04296875,2.95703125,0.16796875,356.0111111111111,356.0,356.0111111111111
4135004,,,,,,,,-2.13671875,7.546875,-3.8515625,0.04296875,2.95703125,0.16796875,356.0111111111111,356.0,356.0111111111111
4135005,,,,,,,,-2.13671875,7.546875,-3.8515625,-1.21484375,4.228515625,-0.396484375,356.0111111111111,356.0,356.0111111111111
4135006,,,,,,,,-2.13671875,7.546875,-3.8515625,-1.21484375,4.228515625,-0.396484375,356.0,356.0,356.0111111111111
4135007,,,,,,,,-2.13671875,7.546875,-3.8515625,-0.12109375,1.205078125,-1.02734375,356.0,356.0,356.0111111111111
4135008,,,,,,,,-2.13671875,7.546875,-3.8515625,-0.12109375,1.205078125,-1.02734375,356.0,356.0,356.0111111111111
4135009,,,,,,,,-2.13671875,7.546875,-3.8515625,-0.390625,1.849609375,-2.32421875,356.0,356.0,356.0111111111111
4135010,36.013524999999994,129.31958783333332,89.05148553046891,124.82959745842763,6.6000000000000005,231.0,,-2.13671875,7.546875,-3.8515625,-0.390625,1.849609375,-2.32421875,356.0,356.0,356.0111111111111
4135011,,,,,,,,-2.13671875,7.546875,-3.8515625,-1.4453125,3.15234375,-3.619140625,356.0,356.0,356.0111111111111
4135012,,,,,,,,-2.13671875,7.546875,-3.8515625,-1.4453125,3.15234375,-3.619140625,356.0111111111111,356.0,356.0111111111111
4135013,,,,,,,,-2.13671875,7.546875,-3.8515625,-3.4296875,2.5,-2.72265625,356.0111111111111,356.0,356.0111111111111
4135014,,,,,,,,-2.6015625,0.58984375,5.59765625,-3.4296875,2.5,-2.72265625,356.0111111111111,356.0,356.0111111111111
4135015,,,,,,,,-2.6015625,0.58984375,5.59765625,-3.4296875,2.5,-2.72265625,356.0111111111111,356.0,356.0111111111111
4135016,,,,,,,,-2.6015625,0.58984375,5.59765625,-3.4296875,2.5,-2.72265625,356.0111111111111,356.0,356.0111111111111
4135017,,,,,,,,-2.6015625,0.58984375,5.59765625,-3.1953125,3.328125,-2.32421875,356.0111111111111,356.0,356.0111111111111
4135018,,,,,,,,-2.6015625,0.58984375,5.59765625,-3.1953125,3.328125,-2.32421875,356.0111111111111,356.0,356.0111111111111
4135019,,,,,,,,-2.6015625,0.58984375,5.59765625,0.919921875,-3.12109375,-0.2421875,356.0111111111111,356.0,356.0111111111111
4135020,36.013520166666666,129.319583,88.61577420986518,124.29329000520798,6.6000000000000005,228.0,,-2.6015625,0.58984375,5.59765625,0.919921875,-3.12109375,-0.2421875,356.0111111111111,356.0,356.0111111111111
4135021,,,,,,,,-2.6015625,0.58984375,5.59765625,4.66796875,3.724609375,1.15234375,356.0111111111111,356.0,356.0111111111111
4135022,,,,,,,,-2.6015625,0.58984375,5.59765625,4.66796875,3.724609375,1.15234375,356.0111111111111,356.0,356.0111111111111
4135023,,,,,,,,-2.6015625,0.58984375,5.59765625,4.2890625,0.169921875,-0.890625,356.0111111111111,356.0,356.0111111111111
4135024,,,,,,,,-2.6015625,0.58984375,5.59765625,4.2890625,0.169921875,-0.890625,356.0111111111111,356.0,356.0111111111111
4135025,,,,,,,,-2.6015625,0.58984375,5.59765625,1.68359375,-2.2109375,-1.326171875,356.0111111111111,356.0,356.0111111111111
4135026,,,,,,,,-2.6015625,0.58984375,5.59765625,1.68359375,-2.2109375,-1.326171875,356.0111111111111,356.0,356.0111111111111
4135027,,,,,,,,-2.6015625,0.58984375,5.59765625,-0.263671875,-3.310546875,-0.876953125,356.0111111111111,356.0,356.0111111111111
4135028,,,,,,,,-2.6015625,0.58984375,5.59765625,-0.263671875,-3.310546875,-0.876953125,356.0111111111111,356.0,356.0111111111111
4135029,,,,,,,,-2.6015625,0.58984375,5.59765625,-0.02734375,0.72265625,-1.505859375,356.0111111111111,356.0,356.0111111111111
4135030,36.013515999999996,129.3195773333333,88.10493850444162,123.83095465285851,6.7,228.0,,5.921875,-4.59765625,-3.57421875,-0.02734375,0.72265625,-1.505859375,356.0111111111111,356.0,356.0111111111111
4135031,,,,,,,,5.921875,-4.59765625,-3.57421875,-0.02734375,0.72265625,-1.505859375,356.0111111111111,356.0,356.0111111111111
4135032,,,,,,,,5.921875,-4.59765625,-3.57421875,0.2265625,0.1171875,2.29296875,356.0111111111111,356.0,356.0111111111111
4135033,,,,,,,,5.921875,-4.59765625,-3.57421875,0.2265625,0.1171875,2.29296875,356.0111111111111,356.0,356.0111111111111
4135034,,,,,,,,5.921875,-4.59765625,-3.57421875,-3.958984375,-3.5546875,2.95703125,356.0111111111111,356.0,356.0111111111111
4135035,,,,,,,,5.921875,-4.59765625,-3.57421875,-3.958984375,-3.5546875,2.95703125,356.0111111111111,356.0,356.0111111111111
4135036,,,,,,,,5.921875,-4.59765625,-3.57421875,-1.791015625,-2.75390625,2.953125,356.0111111111111,356.0,356.0111111111111
4135037,,,,,,,,5.921875,-4.59765625,-3.57421875,-1.791015625,-2.75390625,2.953125,356.0111111111111,356.0,356.0111111111111
4135038,,,,,,,,5.921875,-4.59765625,-3.57421875,-1.763671875,-2.455078125,2.4765625,356.0111111111111,356.0,356.0111111111111
4135039,,,,,,,,5.921875,-4.59765625,-3.57421875,-1.763671875,-2.455078125,2.4765625,356.0111111111111,356.0,356.0111111111111
4135040,36.01351233333333,129.31957183333333,87.6091269134796,123.424099106453,6.5,229.0,,5.921875,-4.59765625,-3.57421875,-2.9921875,-1.40625,0.966796875,356.0111111111111,356.0,356.0111111111111
4135041,,,,,,,,5.921875,-4.59765625,-3.57421875,-2.9921875,-1.40625,0.966796875,356.0111111111111,356.0,356.0111111111111
4135042,,,,,,,,5.921875,-4.59765625,-3.57421875,1.38671875,-3.14453125,1.267578125,356.0111111111111,356.0,356.0111111111111
4135043,,,,,,,,5.921875,-4.59765625,-3.57421875,1.38671875,-3.14453125,1.267578125,356.0111111111111,355.9888888888889,356.0111111111111
4135044,,,,,,,,5.921875,-4.59765625,-3.57421875,6.5859375,-2.689453125,-1.572265625,356.0111111111111,355.9888888888889,356.0111111111111
4135045,,,,,,,,22.19140625,21.875,-4.2421875,6.5859375,-2.689453125,-1.572265625,356.0111111111111,355.9888888888889,356.0111111111111
4135046,,,,,,,,22.19140625,21.875,-4.2421875,6.5859375,-2.689453125,-1.572265625,356.0111111111111,356.0,356.0111111111111
4135047,,,,,,,,22.19140625,21.875,-4.2421875,2.564453125,1.83984375,0.828125,356.0111111111111,356.0,356.0111111111111
4135048,,,,,,,,22.19140625,21.875,-4.2421875,2.564453125,1.83984375,0.828125,356.0111111111111,356.0,356.0111111111111
4135049,,,,,,,,22.19140625,21.875,-4.2421875,0.26953125,1.552734375,1.232421875,356.0111111111111,356.0,356.0111111111111
4135050,36.01350466666667,129.31955966666666,86.5123309242428,122.5734006455076,6.800000000000001,230.0,,22.19140625,21.875,-4.2421875,0.26953125,1.552734375,1.232421875,356.0111111111111,356.0,356.0111111111111
4135051,,,,,,,,22.19140625,21.875,-4.2421875,-4.931640625,0.3046875,-0.0625,356.0111111111111,356.0,356.0111111111111
4135052,,,,,,,,22.19140625,21.875,-4.2421875,-4.931640625,0.3046875,-0.0625,356.0,356.0,356.0111111111111
4135053,,,,,,,,22.19140625,21.875,-4.2421875,0.822265625,5.3984375,-3.29296875,356.0,356.0,356.0111111111111
4135054,,,,,,,,22.19140625,21.875,-4.2421875,0.822265625,5.3984375,-3.29296875,356.0111111111111,356.0,356.0111111111111
4135055,,,,,,,,22.19140625,21.875,-4.2421875,-0.0703125,3.208984375,-2.748046875,356.0111111111111,356.0,356.0111111111111
4135056,,,,,,,,22.19140625,21.875,-4.2421875,-0.0703125,3.208984375,-2.748046875,356.0111111111111,356.0,356.0111111111111
4135057,,,,,,,,22.19140625,21.875,-4.2421875,-3.6875,4.353515625,-3.212890625,356.0111111111111,356.0,356.0111111111111
4135058,,,,,,,,22.19140625,21.875,-4.2421875,-3.6875,4.353515625,-3.212890625,356.0111111111111,356.0,356.0111111111111
4135059,,,,,,,,22.19140625,21.875,-4.2421875,-3.3671875,1.66015625,-2.771484375,356.0111111111111,356.0,356.0111111111111
4135060,36.01350016666667,129.319555,86.09164369387203,122.07407988312764,6.7,226.0,,-1.96875,5.0625,-1.171875,-3.3671875,1.66015625,-2.771484375,356.0111111111111,356.0,356.0111111111111
4135061,,,,,,,,-1.96875,5.0625,-1.171875,-3.3671875,1.66015625,-2.771484375,356.0111111111111,356.0,356.0111111111111
4135062,,,,,,,,-1.96875,5.0625,-1.171875,-3.3671875,1.66015625,-2.771484375,356.0111111111111,356.0,356.0111111111111
4135063,,,,,,,,-1.96875,5.0625,-1.171875,-2.646484375,0.466796875,-1.724609375,356.0111111111111,356.0,356.0111111111111
4135064,,,,,,,,-1.96875,5.0625,-1.171875,-2.646484375,0.466796875,-1.724609375,356.0111111111111,356.0,356.0111111111111
4135065,,,,,,,,-1.96875,5.0625,-1.171875,1.91015625,1.32421875,-0.990234375,356.0111111111111,356.0,356.0111111111111
4135066,,,,,,,,-1.96875,5.0625,-1.171875,1.91015625,1.32421875,-0.990234375,356.0111111111111,355.9888888888889,356.0111111111111
4135067,,,,,,,,-1.96875,5.0625,-1.171875,5.068359375,3.388671875,1.80859375,356.0111111111111,355.9888888888889,356.0111111111111
4135068,,,,,,,,-1.96875,5.0625,-1.171875,5.068359375,3.388671875,1.80859375,356.0111111111111,356.0,356.0111111111111
4135069,,,,,,,,-1.96875,5.0625,-1.171875,3.890625,0.876953125,-0.63671875,356.0111111111111,356.0,356.0111111111111
4135070,36.013496,129.3195495,85.59583244686564,121.61174482676292,6.7,228.0,,-1.96875,5.0625,-1.171875,3.890625,0.876953125,-0.63671875,356.0111111111111,356.0,356.0111111111111
4135071,,,,,,,,-1.96875,5.0625,-1.171875,2.17578125,-2.537109375,-0.935546875,356.0111111111111,356.0,356.0111111111111
4135072,,,,,,,,-1.96875,5.0625,-1.171875,2.17578125,-2.537109375,-0.935546875,356.0111111111111,356.0,356.0111111111111
4135073,,,,,,,,-1.96875,5.0625,-1.171875,-1.041015625,-3.96875,-0.091796875,356.0111111111111,356.0,356.0111111111111
4135074,,,,,,,,-1.96875,5.0625,-1.171875,-1.041015625,-3.96875,-0.091796875,356.0111111111111,356.0,356.0111111111111
4135075,,,,,,,,-1.96875,5.0625,-1.171875,-2.81640625,0.275390625,0.296875,356.0111111111111,356.0,356.0111111111111
4135076,,,,,,,,8.3125,-37.3125,4.07421875,-2.81640625,0.275390625,0.296875,356.0111111111111,356.0,356.0111111111111
4135077,,,,,,,,8.3125,-37.3125,4.07421875,-2.81640625,0.275390625,0.296875,356.0111111111111,356.0,356.0111111111111
4135078,,,,,,,,8.3125,-37.3125,4.07421875,-2.81640625,0.275390625,0.296875,356.0111111111111,356.0,356.0111111111111
4135079,,,,,,,,8.3125,-37.3125,4.07421875,1.85546875,-4.5078125,1.57421875,356.0111111111111,356.0,356.0111111111111
4135080,36.013492166666666,129.319544,85.10002079384128,121.18639621397611,6.6000000000000005,229.0,,8.3125,-37.3125,4.07421875,1.85546875,-4.5078125,1.57421875,356.0111111111111,356.0,356.0111111111111
4135081,,,,,,,,8.3125,-37.3125,4.07421875,-3.580078125,-0.146484375,2.7421875,356.0111111111111,356.0,356.0111111111111
4135082,,,,,,,,8.3125,-37.3125,4.07421875,-3.580078125,-0.146484375,2.7421875,356.0111111111111,356.0,356.0111111111111
4135083,,,,,,,,8.3125,-37.3125,4.07421875,-2.7578125,-3.228515625,3.400390625,356.0111111111111,356.0,356.0111111111111
4135084,,,,,,,,8.3125,-37.3125,4.07421875,-2.7578125,-3.228515625,3.400390625,356.0111111111111,356.0,356.0111111111111
4135085,,,,,,,,8.3125,-37.3125,4.07421875,-0.767578125,-1.98828125,2.97265625,356.0111111111111,356.0,356.0111111111111
4135086,,,,,,,,8.3125,-37.3125,4.07421875,-0.767578125,-1.98828125,2.97265625,356.0111111111111,356.0,356.0111111111111
4135087,,,,,,,,8.3125,-37.3125,4.07421875,-2.091796875,-1.330078125,0.24609375,356.0111111111111,356.0,356.0111111111111
4135088,,,,,,,,8.3125,-37.3125,4.07421875,-2.091796875,-1.330078125,0.24609375,356.0111111111111,355.9888888888889,356.0111111111111
4135089,,,,,,,,8.3125,-37.3125,4.07421875,1.6484375,0.712890625,0.73046875,356.0111111111111,355.9888888888889,356.0111111111111
4135090,36.013488833333334,129.3195385,84.6042085558001,120.81652725570481,6.4,230.0,,8.3125,-37.3125,4.07421875,1.6484375,0.712890625,0.73046875,356.0111111111111,355.9888888888889,356.0111111111111
4135091,,,,,,,,8.3125,-37.3125,4.07421875,4.951171875,-1.04296875,-0.30859375,356.0111111111111,355.9888888888889,356.0111111111111
4135092,,,,,,,,9.3125,17.78125,-0.59375,4.951171875,-1.04296875,-0.30859375,356.0111111111111,355.9888888888889,356.0111111111111
4135093,,,,,,,,9.3125,17.78125,-0.59375,4.951171875,-1.04296875,-0.30859375,356.0111111111111,356.0,356.0111111111111
4135094,,,,,,,,9.3125,17.78125,-0.59375,4.951171875,-1.04296875,-0.30859375,356.0111111111111,356.0,356.0111111111111
4135095,,,,,,,,9.3125,17.78125,-0.59375,2.359375,0.87890625,0.546875,356.0111111111111,356.0,356.0111111111111
4135096,,,,,,,,9.3125,17.78125,-0.59375,2.359375,0.87890625,0.546875,356.0111111111111,356.0,356.0111111111111
4135097,,,,,,,,9.3125,17.78125,-0.59375,-0.14453125,3.08984375,-0.103515625,356.0111111111111,356.0,356.0111111111111
4135098,,,,,,,,9.3125,17.78125,-0.59375,-0.14453125,3.08984375,-0.103515625,356.0111111111111,356.0,356.0111111111111
4135099,,,,,,,,9.3125,17.78125,-0.59375,-1.638671875,-0.537109375,-0.982421875,356.0111111111111,356.0,356.0111111111111
4135100,36.013481,129.31952850000002,83.7027335319511,119.94733782271149,6.4,227.0,48.0,9.3125,17.78125,-0.59375,-1.638671875,-0.537109375,-0.982421875,356.0111111111111,356.0,356.0111111111111
4135101,,,,,,,,9.3125,17.78125,-0.59375,-1.638671875,-0.537109375,-0.982421875,356.0111111111111,356.0,356.0111111111111
4135102,,,,,,,,9.3125,17.78125,-0.59375,0.873046875,3.234375,0.7890625,356.0111111111111,356.0,356.0111111111111
4135103,,,,,,,,9.3125,17.78125,-0.59375,0.873046875,3.234375,0.7890625,356.0111111111111,356.0,356.0111111111111
4135104,,,,,,,,9.3125,17.78125,-0.59375,-4.560546875,-2.322265625,3.412109375,356.0111111111111,356.0,356.0111111111111
4135105,,,,,,,,9.3125,17.78125,-0.59375,-4.560546875,-2.322265625,3.412109375,356.0111111111111,356.0,356.0111111111111
4135106,,,,,,,,9.3125,17.78125,-0.59375,-3.3515625,-2.884765625,2.802734375,356.0111111111111,356.0,356.0111111111111
4135107,,,,,,,,9.3125,17.78125,-0.59375,-3.3515625,-2.884765625,2.802734375,356.0111111111111,356.0,356.0111111111111
4135108,,,,,,,,9.3125,17.78125,-0.59375,-2.65625,-0.111328125,0.52734375,356.0111111111111,356.0,356.0111111111111
4135109,,,,,,,,9.3125,17.78125,-0.59375,-2.65625,-0.111328125,0.52734375,356.0111111111111,356.0,356.0111111111111
4135110,36.01346933333333,129.31951316666667,82.32047111669019,118.6528001729167,6.4,228.0,,9.3125,17.78125,-0.59375,-1.302734375,1.2578125,1.611328125,356.0111111111111,356.0,356.0111111111111
4135111,,,,,,,,9.3125,17.78125,-0.59375,-1.302734375,1.2578125,1.611328125,356.0111111111111,356.0,356.0111111111111
4135112,,,,,,,,9.3125,17.78125,-0.59375,5.2578125,-5.77734375,1.0234375,356.0111111111111,356.0,356.0111111111111
4135113,,,,,,,,9.3125,17.78125,-0.59375,5.2578125,-5.77734375,1.0234375,356.0,356.0,356.0111111111111
4135114,,,,,,,,9.3125,17.78125,-0.59375,8.396484375,-3.142578125,-1.197265625,356.0,356.0,356.0111111111111
4135115,,,,,,,,29.1796875,36.98828125,-8.16796875,8.396484375,-3.142578125,-1.197265625,356.0,356.0,356.0111111111111
4135116,,,,,,,,29.1796875,36.98828125,-8.16796875,8.396484375,-3.142578125,-1.197265625,356.0111111111111,356.0,356.0111111111111
4135117,,,,,,,,29.1796875,36.98828125,-8.16796875,0.291015625,2.59765625,-0.16015625,356.0111111111111,356.0,356.0111111111111
4135118,,,,,,,,29.1796875,36.98828125,-8.16796875,0.291015625,2.59765625,-0.16015625,356.0111111111111,356.0,356.0111111111111
4135119,,,,,,,,29.1796875,36.98828125,-8.16796875,-1.95703125,3.31640625,-0.01171875,356.0111111111111,356.0,356.0111111111111
4135120,36.013465333333336,129.31950783333332,81.83968403405763,118.2089586793281,6.5,228.0,,29.1796875,36.98828125,-8.16796875,-1.95703125,3.31640625,-0.01171875,356.0,356.0,356.0111111111111
4135121,,,,,,,,29.1796875,36.98828125,-8.16796875,-0.626953125,5.283203125,-0.431640625,356.0,356.0,356.0111111111111
4135122,,,,,,,,29.1796875,36.98828125,-8.16796875,-0.626953125,5.283203125,-0.431640625,356.0111111111111,356.0,356.0111111111111
4135123,,,,,,,,29.1796875,36.98828125,-8.16796875,0.251953125,7.033203125,-1.763671875,356.0111111111111,356.0,356.0111111111111
4135124,,,,,,,,29.1796875,36.98828125,-8.16796875,0.251953125,7.033203125,-1.763671875,356.0,356.0,356.0111111111111
4135125,,,,,,,,29.1796875,36.98828125,-8.16796875,-2.169921875,3.650390625,-3.962890625,356.0,356.0,356.0111111111111
4135126,,,,,,,,29.1796875,36.98828125,-8.16796875,-2.169921875,3.650390625,-3.962890625,356.0111111111111,356.0,356.0111111111111
4135127,,,,,,,,29.1796875,36.98828125,-8.16796875,-3.375,5.36328125,-2.86328125,356.0111111111111,356.0,356.0111111111111
4135128,,,,,,,,29.1796875,36.98828125,-8.16796875,-3.375,5.36328125,-2.86328125,356.0111111111111,356.0,356.0111111111111
4135129,,,,,,,,29.1796875,36.98828125,-8.16796875,-2.955078125,1.943359375,-2.677734375,356.0111111111111,356.0,356.0111111111111
4135130,36.01346133333333,129.3195018333333,81.29879799341822,117.76511665643488,6.800000000000001,229.0,,-4.015625,0.328125,-6.0234375,-2.955078125,1.943359375,-2.677734375,356.0111111111111,356.0,356.0111111111111
4135131,,,,,,,,-4.015625,0.328125,-6.0234375,-2.955078125,1.943359375,-2.677734375,356.0111111111111,356.0,356.02222222222224
4135132,,,,,,,,-4.015625,0.328125,-6.0234375,-2.955078125,1.943359375,-2.677734375,356.0111111111111,356.0,356.02222222222224
4135133,,,,,,,,-4.015625,0.328125,-6.0234375,-4.994140625,2.62109375,-1.62109375,356.0111111111111,356.0,356.02222222222224
4135134,,,,,,,,-4.015625,0.328125,-6.0234375,-4.994140625,2.62109375,-1.62109375,356.0111111111111,356.0,356.02222222222224
4135135,,,,,,,,-4.015625,0.328125,-6.0234375,7.015625,3.263671875,3.3359375,356.0111111111111,356.0,356.02222222222224
4135136,,,,,,,,-4.015625,0.328125,-6.0234375,7.015625,3.263671875,3.3359375,356.0111111111111,356.0,356.02222222222224
4135137,,,,,,,,-4.015625,0.328125,-6.0234375,8.70703125,-2.0546875,0.8203125,356.0111111111111,356.0,356.02222222222224
4135138,,,,,,,,-4.015625,0.328125,-6.0234375,8.70703125,-2.0546875,0.8203125,356.0111111111111,356.0,356.02222222222224
4135139,,,,,,,,-4.015625,0.328125,-6.0234375,4.333984375,-6.806640625,-0.091796875,356.0111111111111,356.0,356.02222222222224
4135140,36.013457333333335,129.31949699999998,80.86308499733585,117.32127563390443,6.7,226.0,,-4.015625,0.328125,-6.0234375,4.333984375,-6.806640625,-0.091796875,356.0111111111111,356.0,356.02222222222224
4135141,,,,,,,,-4.015625,0.328125,-6.0234375,-2.017578125,-3.2265625,0.130859375,356.0111111111111,356.0,356.02222222222224
4135142,,,,,,,,-4.015625,0.328125,-6.0234375,-2.017578125,-3.2265625,0.130859375,356.0111111111111,356.0,356.02222222222224
4135143,,,,,,,,-4.015625,0.328125,-6.0234375,-3.587890625,-3.330078125,1.306640625,356.0111111111111,356.0,356.02222222222224
4135144,,,,,,,,-4.015625,0.328125,-6.0234375,-3.587890625,-3.330078125,1.306640625,356.0111111111111,356.0,356.0111111111111
4135145,,,,,,,,-4.015625,0.328125,-6.0234375,0.53515625,-3.763671875,0.26171875,356.0111111111111,356.0,356.0111111111111
4135146,,,,,,,,0.67578125,-7.015625,-0.80078125,0.53515625,-3.763671875,0.26171875,356.0111111111111,356.0,356.0111111111111
4135147,,,,,,,,0.67578125,-7.015625,-0.80078125,0.53515625,-3.763671875,0.26171875,356.0111111111111,356.0,356.0111111111111
4135148,,,,,,,,0.67578125,-7.015625,-0.80078125,0.53515625,-3.763671875,0.26171875,356.0111111111111,356.0,356.0111111111111
4135149,,,,,,,,0.67578125,-7.015625,-0.80078125,0.763671875,-1.50390625,2.58984375,356.0111111111111,356.0,356.0111111111111
4135150,36.01345033333334,129.31948599999998,79.87146002288691,116.54455181165335,6.4,230.0,,0.67578125,-7.015625,-0.80078125,0.763671875,-1.50390625,2.58984375,356.0111111111111,356.0,356.0111111111111
4135151,,,,,,,,0.67578125,-7.015625,-0.80078125,-3.6328125,-2.787109375,2.720703125,356.0111111111111,356.0,356.0111111111111
4135152,,,,,,,,0.67578125,-7.015625,-0.80078125,-3.6328125,-2.787109375,2.720703125,356.0111111111111,356.0,356.0111111111111
4135153,,,,,,,,0.67578125,-7.015625,-0.80078125,-0.607421875,-2.00390625,2.7578125,356.0111111111111,356.0,356.0111111111111
4135154,,,,,,,,0.67578125,-7.015625,-0.80078125,-0.607421875,-2.00390625,2.7578125,356.0111111111111,356.0,356.0111111111111
4135155,,,,,,,,0.67578125,-7.015625,-0.80078125,-1.234375,-3.197265625,1.65625,356.0111111111111,356.0,356.0111111111111
4135156,,,,,,,,0.67578125,-7.015625,-0.80078125,-1.234375,-3.197265625,1.65625,356.0111111111111,356.0,356.0111111111111
4135157,,,,,,,,0.67578125,-7.015625,-0.80078125,-0.439453125,-0.55859375,1.279296875,356.0111111111111,356.0,356.0111111111111
4135158,,,,,,,,0.67578125,-7.015625,-0.80078125,-0.439453125,-0.55859375,1.279296875,356.0111111111111,356.0,356.0111111111111
4135159,,,,,,,,0.67578125,-7.015625,-0.80078125,4.59375,-1.76953125,-1.095703125,356.0111111111111,356.0,356.0111111111111
4135160,36.0134465,129.31948116666666,79.43574672749118,116.11920406841722,6.300000000000001,229.0,,0.67578125,-7.015625,-0.80078125,4.59375,-1.76953125,-1.095703125,356.0111111111111,356.0,356.0111111111111
4135161,,,,,,,,0.67578125,-7.015625,-0.80078125,3.8359375,0.494140625,-0.20703125,356.0111111111111,356.0,356.0111111111111
4135162,,,,,,,,7.9140625,17.4765625,-4.44140625,3.8359375,0.494140625,-0.20703125,356.0111111111111,356.0,356.0111111111111
4135163,,,,,,,,7.9140625,17.4765625,-4.44140625,3.8359375,0.494140625,-0.20703125,356.0111111111111,356.0,356.0111111111111
4135164,,,,,,,,7.9140625,17.4765625,-4.44140625,2.06640625,0.796875,0.44921875,356.0111111111111,356.0,356.0111111111111
4135165,,,,,,,,7.9140625,17.4765625,-4.44140625,2.06640625,0.796875,0.44921875,356.0111111111111,356.0,356.0111111111111
4135166,,,,,,,,7.9140625,17.4765625,-4.44140625,-0.158203125,4.576171875,-1.306640625,356.0111111111111,356.0,356.0111111111111
4135167,,,,,,,,7.9140625,17.4765625,-4.44140625,-0.158203125,4.576171875,-1.306640625,356.0111111111111,356.0,356.0111111111111
4135168,,,,,,,,7.9140625,17.4765625,-4.44140625,-3.85546875,3.0234375,-4.58203125,356.0111111111111,356.0,356.0111111111111
4135169,,,,,,,,7.9140625,17.4765625,-4.44140625,-3.85546875,3.0234375,-4.58203125,356.0111111111111,356.0,356.0111111111111
4135170,36.0134425,129.31947566666668,78.93993463200064,115.67536259929469,6.5,229.0,,7.9140625,17.4765625,-4.44140625,-0.568359375,1.671875,-2.7421875,356.0111111111111,356.0,356.0111111111111
4135171,,,,,,,,7.9140625,17.4765625,-4.44140625,-0.568359375,1.671875,-2.7421875,356.0111111111111,356.0,356.0111111111111
4135172,,,,,,,,7.9140625,17.4765625,-4.44140625,-0.41796875,3.365234375,-0.9453125,356.0111111111111,356.0,356.0111111111111
4135173,,,,,,,,7.9140625,17.4765625,-4.44140625,-0.41796875,3.365234375,-0.9453125,356.0111111111111,356.0,356.0111111111111
4135174,,,,,,,,7.9140625,17.4765625,-4.44140625,-0.34375,0.720703125,-3.615234375,356.0111111111111,356.0,356.0111111111111
4135175,,,,,,,,7.9140625,17.4765625,-4.44140625,-0.34375,0.720703125,-3.615234375,356.0111111111111,356.0,356.0111111111111
4135176,,,,,,,,7.9140625,17.4765625,-4.44140625,-3.947265625,3.576171875,-2.791015625,356.0111111111111,356.0,356.0111111111111
4135177,,,,,,,,-1.08203125,3.41796875,-0.56640625,-3.947265625,3.576171875,-2.791015625,356.0111111111111,356.0,356.0111111111111
4135178,,,,,,,,-1.08203125,3.41796875,-0.56640625,-3.947265625,3.576171875,-2.791015625,356.0111111111111,356.0,356.0111111111111
4135179,,,,,,,,-1.08203125,3.41796875,-0.56640625,-2.76953125,-1.361328125,-2.103515625,356.0111111111111,356.0,356.0111111111111
4135180,36.01343833333333,129.319471,78.5192463049786,115.21302862244954,6.4,226.0,,-1.08203125,3.41796875,-0.56640625,-2.76953125,-1.361328125,-2.103515625,356.0111111111111,356.0,356.0111111111111
4135181,,,,,,,,-1.08203125,3.41796875,-0.56640625,-2.814453125,2.4609375,-1.203125,356.0111111111111,356.0,356.0111111111111
4135182,,,,,,,,-1.08203125,3.41796875,-0.56640625,-2.814453125,2.4609375,-1.203125,356.0111111111111,356.0,356.0111111111111
4135183,,,,,,,,-1.08203125,3.41796875,-0.56640625,2.96875,5.12890625,1.927734375,356.0111111111111,356.0,356.0111111111111
4135184,,,,,,,,-1.08203125,3.41796875,-0.56640625,2.96875,5.12890625,1.927734375,356.0111111111111,356.0,356.02222222222224
4135185,,,,,,,,-1.08203125,3.41796875,-0.56640625,7.06640625,2.013671875,2.92578125,356.0111111111111,356.0,356.02222222222224
4135186,,,,,,,,-1.08203125,3.41796875,-0.56640625,7.06640625,2.013671875,2.92578125,356.0111111111111,356.0,356.02222222222224
4135187,,,,,,,,-1.08203125,3.41796875,-0.56640625,3.455078125,-4.00390625,-0.97265625,356.0111111111111,356.0,356.02222222222224
4135188,,,,,,,,-1.08203125,3.41796875,-0.56640625,3.455078125,-4.00390625,-0.97265625,356.0111111111111,356.0,356.02222222222224
4135189,,,,,,,,-1.08203125,3.41796875,-0.56640625,1.345703125,-5.48046875,-0.146484375,356.0111111111111,356.0,356.02222222222224
4135190,36.0134345,129.3194655,78.02343394841645,114.78768041422643,6.5,227.0,,-1.08203125,3.41796875,-0.56640625,1.345703125,-5.48046875,-0.146484375,356.0111111111111,356.0,356.0111111111111
4135191,,,,,,,,-1.08203125,3.41796875,-0.56640625,-1.9375,-1.548828125,0.044921875,356.0111111111111,356.0,356.0111111111111
4135192,,,,,,,,12.21875,-21.640625,28.32421875,-1.9375,-1.548828125,0.044921875,356.0111111111111,356.0,356.0111111111111
4135193,,,,,,,,12.21875,-21.640625,28.32421875,-1.9375,-1.548828125,0.044921875,356.0111111111111,356.0,356.0111111111111
4135194,,,,,,,,12.21875,-21.640625,28.32421875,-1.09765625,-2.189453125,-1.76171875,356.0111111111111,356.0,356.0111111111111
4135195,,,,,,,,12.21875,-21.640625,28.32421875,-1.09765625,-2.189453125,-1.76171875,356.0111111111111,356.0,356.0111111111111
4135196,,,,,,,,12.21875,-21.640625,28.32421875,4.349609375,-3.189453125,1.365234375,356.0111111111111,356.0,356.0111111111111
4135197,,,,,,,,12.21875,-21.640625,28.32421875,4.349609375,-3.189453125,1.365234375,356.0111111111111,356.0,356.0111111111111
4135198,,,,,,,,12.21875,-21.640625,28.32421875,-1.3046875,-2.595703125,2.46875,356.0111111111111,356.0,356.0111111111111
4135199,,,,,,,,12.21875,-21.640625,28.32421875,-1.3046875,-2.595703125,2.46875,356.0111111111111,356.0,356.0111111111111
4135200,36.013427166666666,129.3194538333333,76.97170982648939,113.97396997212167,6.4,229.0,48.0,12.21875,-21.640625,28.32421875,-1.3046875,-2.595703125,2.46875,356.0111111111111,356.0,356.0111111111111
4135201,,,,,,,,12.21875,-21.640625,28.32421875,-1.3046875,-2.595703125,2.46875,356.0111111111111,356.0,356.0111111111111
4135202,,,,,,,,12.21875,-21.640625,28.32421875,-3.64453125,-3.505859375,2.8984375,356.0111111111111,356.0,356.0111111111111
4135203,,,,,,,,12.21875,-21.640625,28.32421875,-3.64453125,-3.505859375,2.8984375,356.0111111111111,356.0,356.0111111111111
4135204,,,,,,,,12.21875,-21.640625,28.32421875,1.267578125,6.001953125,-0.125,356.0111111111111,356.0,356.0111111111111
4135205,,,,,,,,12.21875,-21.640625,28.32421875,1.267578125,6.001953125,-0.125,356.0111111111111,356.0,356.0111111111111
4135206,,,,,,,,12.21875,-21.640625,28.32421875,1.3203125,4.7421875,-3.251953125,356.0111111111111,356.0,356.0111111111111
4135207,,,,,,,,12.21875,-21.640625,28.32421875,1.3203125,4.7421875,-3.251953125,356.0111111111111,356.0,356.0111111111111
4135208,,,,,,,,12.21875,-21.640625,28.32421875,-3.193359375,5.32421875,-2.734375,356.0111111111111,356.0,356.0111111111111
4135209,,,,,,,,12.21875,-21.640625,28.32421875,-3.193359375,5.32421875,-2.734375,356.0111111111111,356.0,356.0111111111111
4135210,36.01341933333333,129.31944299999998,75.99510966669808,113.10478068090916,6.5,228.0,,12.21875,-21.640625,28.32421875,-3.89453125,2.849609375,-1.9921875,356.0111111111111,356.0,356.0111111111111
4135211,,,,,,,,12.21875,-21.640625,28.32421875,-3.89453125,2.849609375,-1.9921875,356.0111111111111,356.0,356.0111111111111
4135212,,,,,,,,12.21875,-21.640625,28.32421875,-3.41796875,1.4453125,-1.068359375,356.0111111111111,356.0,356.0111111111111
4135213,,,,,,,,-14.00390625,-3.3046875,-3.0625,-3.41796875,1.4453125,-1.068359375,356.0111111111111,356.0,356.0111111111111
4135214,,,,,,,,-14.00390625,-3.3046875,-3.0625,-3.41796875,1.4453125,-1.068359375,356.0111111111111,356.0,356.0111111111111
4135215,,,,,,,,-14.00390625,-3.3046875,-3.0625,-2.248046875,1.224609375,-0.265625,356.0111111111111,356.0,356.0111111111111
4135216,,,,,,,,-14.00390625,-3.3046875,-3.0625,-2.248046875,1.224609375,-0.265625,356.0111111111111,355.9888888888889,356.0111111111111
4135217,,,,,,,,-14.00390625,-3.3046875,-3.0625,4.15625,-0.080078125,0.6640625,356.0111111111111,355.9888888888889,356.0111111111111
4135218,,,,,,,,-14.00390625,-3.3046875,-3.0625,4.15625,-0.080078125,0.6640625,356.0111111111111,355.9888888888889,356.02222222222224
4135219,,,,,,,,-14.00390625,-3.3046875,-3.0625,6.021484375,1.986328125,1.669921875,356.0111111111111,355.9888888888889,356.02222222222224
4135220,36.013415333333334,129.31943816666666,75.5593961695613,112.66093992515025,6.4,227.0,,-14.00390625,-3.3046875,-3.0625,6.021484375,1.986328125,1.669921875,356.0111111111111,356.0,356.02222222222224
4135221,,,,,,,,-14.00390625,-3.3046875,-3.0625,6.16796875,-1.451171875,-0.83984375,356.0111111111111,356.0,356.02222222222224
4135222,,,,,,,,-14.00390625,-3.3046875,-3.0625,6.16796875,-1.451171875,-0.83984375,356.0111111111111,356.0,356.02222222222224
4135223,,,,,,,,-14.00390625,-3.3046875,-3.0625,0.0078125,-3.66796875,-0.044921875,356.0111111111111,356.0,356.02222222222224
4135224,,,,,,,,-14.00390625,-3.3046875,-3.0625,0.0078125,-3.66796875,-0.044921875,356.0111111111111,356.0,356.0111111111111
4135225,,,,,,,,-14.00390625,-3.3046875,-3.0625,-3.337890625,-3.609375,0.7890625,356.0111111111111,356.0,356.0111111111111
4135226,,,,,,,,-14.00390625,-3.3046875,-3.0625,-3.337890625,-3.609375,0.7890625,356.0111111111111,356.0,356.0111111111111
4135227,,,,,,,,-14.00390625,-3.3046875,-3.0625,-2.08984375,-1.083984375,-1.0703125,356.0111111111111,356.0,356.0111111111111
4135228,,,,,,,,5.8203125,-20.13671875,3.89453125,-2.08984375,-1.083984375,-1.0703125,356.0111111111111,356.0,356.0111111111111
4135229,,,,,,,,5.8203125,-20.13671875,3.89453125,-2.08984375,-1.083984375,-1.0703125,356.0111111111111,356.0,356.0111111111111
4135230,36.0134115,129.3194325,75.04855878953596,112.23559175623768,6.5,228.0,,5.8203125,-20.13671875,3.89453125,4.505859375,-4.7421875,3.1640625,356.0111111111111,356.0,356.0111111111111
4135231,,,,,,,,5.8203125,-20.13671875,3.89453125,4.505859375,-4.7421875,3.1640625,356.0111111111111,356.0,356.0111111111111
4135232,,,,,,,,5.8203125,-20.13671875,3.89453125,-0.6484375,-1.0234375,2.8515625,356.0111111111111,356.0,356.0111111111111
4135233,,,,,,,,5.8203125,-20.13671875,3.89453125,-0.6484375,-1.0234375,2.8515625,356.0111111111111,356.0,356.0111111111111
4135234,,,,,,,,5.8203125,-20.13671875,3.89453125,-4.1640625,-4.505859375,2.421875,356.0111111111111,356.0,356.0111111111111
4135235,,,,,,,,5.8203125,-20.13671875,3.89453125,-4.1640625,-4.505859375,2.421875,356.0111111111111,356.0,356.0111111111111
4135236,,,,,,,,5.8203125,-20.13671875,3.89453125,-3.564453125,-4.453125,0.703125,356.0111111111111,356.0,356.0111111111111
4135237,,,,,,,,5.8203125,-20.13671875,3.89453125,-3.564453125,-4.453125,0.703125,356.0111111111111,356.0,356.0111111111111
4135238,,,,,,,,5.8203125,-20.13671875,3.89453125,0.052734375,-0.6640625,0.345703125,356.0111111111111,356.0,356.0111111111111
4135239,,,,,,,,5.8203125,-20.13671875,3.89453125,0.052734375,-0.6640625,0.345703125,356.0111111111111,355.9888888888889,356.0111111111111
4135240,36.01340833333334,129.31942733333332,74.58279493962652,111.88421683508312,6.300000000000001,231.0,,5.8203125,-20.13671875,3.89453125,2.4296875,-2.267578125,1.025390625,356.0111111111111,355.9888888888889,356.0111111111111
4135241,,,,,,,,5.8203125,-20.13671875,3.89453125,2.4296875,-2.267578125,1.025390625,356.0111111111111,356.0,356.0111111111111
4135242,,,,,,,,5.8203125,-20.13671875,3.89453125,5.380859375,-2.814453125,0.080078125,356.0111111111111,356.0,356.0111111111111
4135243,,,,,,,,10.234375,15.67578125,0.0546875,5.380859375,-2.814453125,0.080078125,356.0111111111111,356.0,356.0111111111111
4135244,,,,,,,,10.234375,15.67578125,0.0546875,5.380859375,-2.814453125,0.080078125,356.0111111111111,356.0,356.0111111111111
4135245,,,,,,,,10.234375,15.67578125,0.0546875,2.59375,2.1328125,0.15234375,356.0111111111111,356.0,356.0111111111111
4135246,,,,,,,,10.234375,15.67578125,0.0546875,2.59375,2.1328125,0.15234375,356.0111111111111,356.0,356.0111111111111
4135247,,,,,,,,10.234375,15.67578125,0.0546875,1.63671875,1.365234375,-0.232421875,356.0111111111111,356.0,356.0111111111111
4135248,,,,,,,,10.234375,15.67578125,0.0546875,1.63671875,1.365234375,-0.232421875,356.0111111111111,356.0,356.0111111111111
4135249,,,,,,,,10.234375,15.67578125,0.0546875,-2.330078125,4.78515625,-1.49609375,356.0111111111111,356.0,356.0111111111111
4135250,36.013405,129.31942233333334,74.13205594837709,111.51434885479618,6.1000000000000005,231.0,,10.234375,15.67578125,0.0546875,-2.330078125,4.78515625,-1.49609375,356.0111111111111,356.0,356.0111111111111
4135251,,,,,,,,10.234375,15.67578125,0.0546875,-4.42578125,7.412109375,-5.2578125,356.0111111111111,356.0,356.0111111111111
4135252,,,,,,,,10.234375,15.67578125,0.0546875,-4.42578125,7.412109375,-5.2578125,356.0111111111111,356.0,356.0111111111111
4135253,,,,,,,,10.234375,15.67578125,0.0546875,-0.78515625,5.87890625,2.091796875,356.0111111111111,356.0,356.0111111111111
4135254,,,,,,,,10.234375,15.67578125,0.0546875,-0.78515625,5.87890625,2.091796875,356.0111111111111,356.0,356.0111111111111
4135255,,,,,,,,10.234375,15.67578125,0.0546875,1.986328125,3.509765625,-3.3984375,356.0111111111111,356.0,356.0111111111111
4135256,,,,,,,,10.234375,15.67578125,0.0546875,1.986328125,3.509765625,-3.3984375,356.0,356.0,356.0111111111111
4135257,,,,,,,,10.234375,15.67578125,0.0546875,-1.783203125,1.25390625,-2.703125,356.0,356.0,356.0111111111111
4135258,,,,,,,,9.78515625,3.34375,2.19921875,-1.783203125,1.25390625,-2.703125,356.0,356.0,356.0111111111111
4135259,,,,,,,,9.78515625,3.34375,2.19921875,-1.783203125,1.25390625,-2.703125,356.0111111111111,356.0,356.0111111111111
4135260,36.013400833333336,129.31941683333335,73.63624348021705,111.05201448113405,6.4,230.0,,9.78515625,3.34375,2.19921875,-4.61328125,-0.728515625,-1.125,356.0111111111111,356.0,356.0111111111111
4135261,,,,,,,,9.78515625,3.34375,2.19921875,-4.61328125,-0.728515625,-1.125,356.0111111111111,356.0,356.02222222222224
4135262,,,,,,,,9.78515625,3.34375,2.19921875,-2.173828125,-2.501953125,-0.67578125,356.0111111111111,356.0,356.02222222222224
4135263,,,,,,,,9.78515625,3.34375,2.19921875,-2.173828125,-2.501953125,-0.67578125,356.0111111111111,356.0,356.02222222222224
4135264,,,,,,,,9.78515625,3.34375,2.19921875,-0.5625,3.650390625,-0.779296875,356.0111111111111,356.0,356.02222222222224
4135265,,,,,,,,9.78515625,3.34375,2.19921875,-0.5625,3.650390625,-0.779296875,356.0111111111111,355.9888888888889,356.0111111111111
4135266,,,,,,,,9.78515625,3.34375,2.19921875,2.953125,12.50390625,1.599609375,356.0111111111111,355.9888888888889,356.0111111111111
4135267,,,,,,,,9.78515625,3.34375,2.19921875,2.953125,12.50390625,1.599609375,356.0111111111111,356.0,356.02222222222224
4135268,,,,,,,,9.78515625,3.34375,2.19921875,6.935546875,-5.796875,2.66796875,356.0111111111111,356.0,356.02222222222224
4135269,,,,,,,,9.78515625,3.34375,2.19921875,6.935546875,-5.796875,2.66796875,356.0111111111111,356.0,356.02222222222224
4135270,36.01339683333333,129.31941133333333,73.14043080402502,110.60817334210742,6.5,228.0,,9.78515625,3.34375,2.19921875,4.212890625,-9.12109375,-1.173828125,356.0111111111111,356.0,356.02222222222224
4135271,,,,,,,,9.78515625,3.34375,2.19921875,4.212890625,-9.12109375,-1.173828125,356.0111111111111,356.0,356.02222222222224
4135272,,,,,,,,9.78515625,3.34375,2.19921875,-0.763671875,-2.94921875,-0.9375,356.0111111111111,356.0,356.02222222222224
4135273,,,,,,,,-0.34765625,5.96875,-8.0703125,-0.763671875,-2.94921875,-0.9375,356.0111111111111,356.0,356.02222222222224
4135274,,,,,,,,-0.34765625,5.96875,-8.0703125,-0.763671875,-2.94921875,-0.9375,356.0111111111111,356.0,356.0111111111111
4135275,,,,,,,,-0.34765625,5.96875,-8.0703125,-10.41015625,-2.359375,-2.75390625,356.0111111111111,356.0,356.0111111111111
4135276,,,,,,,,-0.34765625,5.96875,-8.0703125,-10.41015625,-2.359375,-2.75390625,356.0111111111111,356.0,356.0111111111111
4135277,,,,,,,,-0.34765625,5.96875,-8.0703125,4.654296875,-5.44140625,2.51171875,356.0111111111111,356.0,356.0111111111111
4135278,,,,,,,,-0.34765625,5.96875,-8.0703125,4.654296875,-5.44140625,2.51171875,356.0111111111111,356.0,356.0111111111111
4135279,,,,,,,,-0.34765625,5.96875,-8.0703125,5.462890625,-3.4921875,3.62890625,356.0111111111111,356.0,356.0111111111111
4135280,36.01339016666667,129.3193998333333,72.10372986220733,109.86843644622948,6.4,231.0,,-0.34765625,5.96875,-8.0703125,5.462890625,-3.4921875,3.62890625,356.0111111111111,356.0,356.0111111111111
4135281,,,,,,,,-0.34765625,5.96875,-8.0703125,-0.34375,-2.244140625,1.927734375,356.0111111111111,356.0,356.0111111111111
4135282,,,,,,,,-0.34765625,5.96875,-8.0703125,-0.34375,-2.244140625,1.927734375,356.0111111111111,356.0,356.0111111111111
4135283,,,,,,,,-0.34765625,5.96875,-8.0703125,-4.0546875,-1.826171875,2.306640625,356.0111111111111,356.0,356.0111111111111
4135284,,,,,,,,-0.34765625,5.96875,-8.0703125,-4.0546875,-1.826171875,2.306640625,356.0111111111111,356.0,356.0111111111111
4135285,,,,,,,,-0.34765625,5.96875,-8.0703125,-5.07421875,-0.634765625,0.99609375,356.0111111111111,356.0,356.0111111111111
4135286,,,,,,,,-0.34765625,5.96875,-8.0703125,-5.07421875,-0.634765625,0.99609375,356.0111111111111,356.0,356.0111111111111
4135287,,,,,,,,-0.34765625,5.96875,-8.0703125,-2.1015625,-0.923828125,-0.232421875,356.0111111111111,356.0,356.0111111111111
4135288,,,,,,,,10.01171875,-12.88671875,2.30859375,-2.1015625,-0.923828125,-0.232421875,356.0111111111111,356.0,356.0111111111111
4135289,,,,,,,,10.01171875,-12.88671875,2.30859375,-2.1015625,-0.923828125,-0.232421875,356.0111111111111,355.9888888888889,356.0111111111111
4135290,36.013386999999994,129.31939516666668,71.68303999912298,109.51706204781544,6.0,232.0,,10.01171875,-12.88671875,2.30859375,4.76171875,-10.302734375,0.638671875,356.0111111111111,355.9888888888889,356.0111111111111
4135291,,,,,,,,10.01171875,-12.88671875,2.30859375,4.76171875,-10.302734375,0.638671875,356.0111111111111,355.9888888888889,356.0111111111111
4135292,,,,,,,,10.01171875,-12.88671875,2.30859375,5.0,-5.095703125,-0.9296875,356.0111111111111,355.9888888888889,356.0111111111111
4135293,,,,,,,,10.01171875,-12.88671875,2.30859375,5.0,-5.095703125,-0.9296875,356.0111111111111,356.0,356.0111111111111
4135294,,,,,,,,10.01171875,-12.88671875,2.30859375,5.498046875,6.888671875,-0.8828125,356.0111111111111,356.0,356.0111111111111
4135295,,,,,,,,10.01171875,-12.88671875,2.30859375,5.498046875,6.888671875,-0.8828125,356.0111111111111,356.0,356.0111111111111
4135296,,,,,,,,10.01171875,-12.88671875,2.30859375,4.462890625,8.275390625,-0.173828125,356.0111111111111,356.0,356.0111111111111
4135297,,,,,,,,10.01171875,-12.88671875,2.30859375,4.462890625,8.275390625,-0.173828125,356.0111111111111,356.0,356.0111111111111
4135298,,,,,,,,10.01171875,-12.88671875,2.30859375,1.29296875,4.962890625,-0.728515625,356.0111111111111,356.0,356.0111111111111
